"Col1","user","description","result","apply_dt","close_dt","update_ts"
"","alpha","国内211本科女，来新三年，未婚，IT业，EP, 薪水4k+, 首次申请","进行中","2017-07-12","null","2017-07-28 9:07"
"","approved!","老公担保的，终于批了！谢天谢地","通过","2017-03-01","2017-07-21","2017-07-28 14:26"
"","goodluckeveryone","新加坡本地中学 ITE（航空航天专业） MDIS 毕业。 来新10年，薪水2600. 等了快4个月了，保佑通过~","进行中","2017-04-04","null","2017-07-27 8:27"
"","MIMI","国内本科，来新加坡1年多，EP月薪7k+DP月薪5K，希望好运。","进行中","2017-05-22","null","2017-07-26 7:48"
"","极品风海","全家15年来新，16年申请，带老婆孩子一次性申请。一次性通过。总结想通过的心得是工资稳定、有孩子、老人无移民需求","通过","2016-05-20","2017-06-08","2017-07-26 2:25"
"","洋葱","来坡4年，独生未婚女，NTU硕士，软件工程师工作经验3年， 第二次申请被拒","失败","2017-03-18","2017-07-18","2017-07-26 11:08"
"","喵","sm系列，七个多月","通过","2016-12-17","2017-07-22","2017-07-25 13:31"
"","HOPE","男41歲,2008 9月來新工作,薪資5k,2009 及 2011單獨申請被拒,2012結婚,家庭薪資8k,2013,全家3人申請被拒,2014 12月底第四次申請,2015 11月被拒,2016 3月寫信上訴並更新薪資,2017 6月中旬 ICA來信要求最近半年的薪資跟過去3年稅單,2017 7月中旬狀態就批准了總共歷時31個月.","通过","2014-12-28","2017-07-16","2017-07-23 14:11"
"","seuach","夫妻都是国内211/985本科，第一次申请三个月内秒拒，第二次申请等待近两年终于通过。家庭收入10K。祝还在等待的好运。","通过","2015-11-21","2017-07-10","2017-07-21 11:01"
"","Ms Pang","马来西亚女，31岁，2014年11月来新，EP，薪水3000，马来西亚私立大学学士文凭，至今pending 5个月半。","进行中","2017-02-08","null","2017-07-20 7:57"
"","Jass","馬來西亞人、女、poly diploma+英國degree、EP、工作六個月後申請PR","通过","2017-03-28","2017-06-27","2017-07-18 3:05"
"","slyoy","中国人，来新9年。三年前的时候已经做了三年护士，薪水 2000, pending 四个月被拒。被拒了马上换了工作，后来做和健康行业有关的IT工作，今年开始薪水 2400，这次申请pending 五个月现在又被拒了。身边做护士的朋友分别在申请 1次，2次，4次后拿到了。读的澳洲护理本科。","失败","2017-02-15","2017-07-10","2017-07-18 16:19"
"","null","国内本科，来新三年半，月薪4000+。母亲为PR","进行中","null","null","2017-07-18 13:51"
"","台灣人申請","台灣籍 剛換工作6個月持SP 月薪2500 來新加坡5年 第一次申請","进行中","2017-07-15","2018-01-15","2017-07-17 6:46"
"","cs","来新4年，夫妻两带一孩子，都是国内本科的，估计没希望，不过反正不要钱。","失败","2015-04-01","2015-08-01","2017-07-12 8:26"
"","PPPP","小学 中学 poly 毕业工作 工资2000","通过","2017-01-12","2017-07-10","2017-07-11 8:08"
"","dawn","女，国内重点大学毕业，来新6年，月薪5500，ep，公司老板推荐信， 已婚，老公是PR，月薪8500. 第三次申请","进行中","2016-10-22","null","2017-07-10 5:49"
"","Afn","SP, 月薪4000，工作8年。第三次申请。","进行中","2017-06-17","null","2017-07-10 11:58"
"","littledevil","两人申请，国内大学毕业，EP月薪8K+DP月薪2K，来新两年","通过","2016-06-27","2017-07-09","2017-07-09 10:35"
"","BB","这一次 第二次 老公帮我申请 现在拿 ltvp 薪水 2.2K 以前有四次自己申请 都被 reject，中间 有一次是老公是主申请人。还有申请过两次long term visit pass 都没下来。08年来新 ，薪水 2500 现在的 SPass 下个月到期 。。。。。公司没有 renew 不知会怎样。。。。。。 20 Mar 2016 发Email 问 ICA, 22 Mar 2016 上网查发现Reject","进行中","2017-02-15","null","2017-07-07 1:05"
"","beizhengzsf","申请dependent PR，加拿大PhD, NTU RF, EP 薪水basic 4.5K，工作8个月，第一次申请","通过","2016-12-08","2017-07-03","2017-07-03 7:58"
"","duo","女， 29岁， 独生女，未婚，来新6年多，NTU硕士，机械工程专业，工作5年， 更新新工作和薪水状态5000上诉中","上诉中","2016-11-23","2017-06-20","2017-07-03 3:53"
"","null","中间自己补过薪水单和信件，好漫长的等待。 。。。。。希望别reject我啊！","进行中","2016-11-25","null","2017-07-03 1:37"
"","piwaldo","NTU 博后，14年1月来坡，第一次申请（太太DP, 小孩DP, 小一），月薪 4.6k","进行中","2017-04-21","null","2017-06-22 4:53"
"","Zzzzzz","EP+DP孩子，海外master，来新8年多，月薪7.5，申请8次，全部悲剧 老婆SP，全家一起申请和分开申请一个结果。","null","2017-01-04","2017-06-20","2017-06-21 4:13"
"","Ella","丈夫主申请人，妻子全职太太，儿子3岁，女儿1岁，均新加坡出生，去年10月申请，今年5月底全家获批，此前3次申请悲剧。说说基本情况，丈夫，36岁，EP，月收入7500+，本科毕业后在国内工作了几年，2010年来新加坡国大念硕士，2011年毕业后工作。妻子2013年辞职来新，同年第一次申请悲剧，2014年第一个孩子出生，同年第二次申请悲剧，2015年第三次申请悲剧，2016年第二个孩子出生，同年10月第四次申请，也准备是最后一次申请，做好了悲剧就回国或去其他地方的准备，今年5月底通过。感觉度过了PR申请最黑暗的时期，现在好像开始放松了，但愿后来者更幸运。","通过","2016-10-21","2017-05-31","2017-06-14 6:24"
"","Xixi","SM 系列奖学金本科毕业。EP6个月。之前无工作经历。","进行中","2017-01-04","null","2017-06-07 3:40"
"","lavender","马来西亚女生, poly毕业, 薪水gross 1.9k-2k, s pass, 工作8个月申请, 私人医院上班, 保佑保佑! 6个月半拿到pr!!好开心！感觉不是看薪水","通过","2016-11-15","2017-06-04","2017-06-07 12:54"
"","goodlucktoyouall","来新8年，本地JC+公立本科，单身女性，媒体行业，EP。首次申请。","通过","2017-01-12","2017-06-01","2017-06-05 12:16"
"","di","大陆985本科。新加坡Msc。 工作两年申请。工程师。月薪4000多一点点。老板推荐信。26男未婚。 三个月不到秒拒。在我意料中。 身边好多类似的case。。。","失败","2016-08-16","2016-11-02","2017-06-02 12:40"
"","wooowo","女，05年来新，政府中学3年，Poly3年，UK本科3年（有去MOE交担保金推迟TG Bond），15年本科毕业回新工作。S-Pass，大公司，会计，Basic 2k3, Gross 2k6，工作近7个月申请。之后主动发邮件更新薪资，Basic 2K8，Gross 3K。17年5月22号收到ICA邮件更新父母信息，父亲政府单位，如实填写，23号回复ICA，一周后5月30号，PR批准。一共历时12个月零2周。","通过","2016-05-09","2017-05-30","2017-06-02 12:35"
"","飘","NUS本科，来新十年，EP月薪3K.中间加薪到4K并更新。4月份ICA发信问是否带妻子一起后把妻子加入，一个月后批准","通过","2016-04-27","2017-05-30","2017-06-01 12:32"
"","anon","nus bachelor class of 2016","通过","2017-01-17","2017-05-23","2017-05-31 9:27"
"","pqzm","ntu bachelor class of 2016","通过","2017-12-20","2017-04-20","2017-05-31 9:25"
"","twx","good luck","进行中","2016-12-15","null","2017-05-31 12:01"
"","hiliu","NUS研究生文凭，NTU硕士在读，大陆本科与双学位。13年7月来新，工作两年半后申请，软件工程师，薪水4k，有老板推荐信。单身，男，EP，第一次申请。后续：三个半月被拒了。补充信息，今年28岁，非独生子女，有个大我8岁的哥哥在老家陪父母","失败","2017-02-11","2017-05-26","2017-05-27 4:22"
"","songyu512","男 薪水4600 带老婆2300 孩子 2岁 不知结果如何 第三次申请","失败","2016-04-06","2017-05-25","2017-05-26 5:40"
"","calculus","中国本科，NUS phd (2012-2017). EP since 2016 Sep, salary 4k＋. 工作7个月申。pending","进行中","2017-05-08","null","2017-05-22 5:13"
"","sol","EP来新加坡三年，带一个男孩, 老婆新入行幼师（现退出）,第三次申请通过。","通过","2017-01-17","2017-04-27","2017-05-22 4:14"
"","OUJUN","null","null","2017-03-09","null","2017-05-20 10:03"
"","L","11来新 NTU Msc 第三次申请","通过","2016-10-06","2017-04-25","2017-05-17 5:34"
"","yuhan","一家三口申请，求好运好运","null","2017-03-09","null","2017-05-17 12:04"
"","Elvin","来新8年多，工作四年多，SIM本科毕业，上市规模公司工作，平均月薪4K+，第三次申请于2016年09月02日递表2017年01月多reject，之后appeal，02月01日改成pending，04月03日再次reject。前后算上appeal共申请4次，现在决定打包回国发展。","失败","2016-09-02","2017-04-03","2017-05-15 9:13"
"","dwy","公民女配偶担保，工作4年，3K+，结婚2年，第二次申请","进行中","2016-12-27","null","2017-05-12 6:20"
"","dwy","公民女担保配偶，工作4年，3k+，第二次申请，结婚2年","进行中","2016-12-27","null","2017-05-12 6:19"
"","军团指挥官","本地NTU本科，工程师，工作半年申请，3800","进行中","2016-11-29","null","2017-05-08 5:12"
"","test","这个是测试，为方便查询，大家更新状态后，右边会有更新时间(时间是服务器时间，服务器不在中国，所以显示的是其他地方的时间)，今天以后的结果会根据时间排序(貌似以前的记录有问题，由于时间有限，大家先将就着用，我有时间再改)，祝大家好运！","通过","2011-01-08","2011-02-28","2017-05-08 15:46"
"","stephen","夫妻 男 2011来新 ep, ntu master 女 2014年来新 dp,nus master","进行中","2017-03-25","null","2017-05-08 14:53"
"","xming","全家第二次申请，男主43岁，从SP转EP，8.5K，第三国master，申请时来新4年半；女48岁，DP，2.2K，国内中专；男孩13，政府小六 。期间补充女方工资，孩子考试奖状和中学就读证明","通过","2016-09-01","2017-04-27","2017-05-08 10:19"
"","Wws","Spass 老婆带老公一起申请。 到底还要等多久。已經快一年了。保佑我。","进行中","2016-05-31","null","2017-05-06 2:42"
"","double","求好运~求好运~求好运~","进行中","2017-03-20","null","2017-05-05 5:16"
"","zz1234567890","09年来坡,poly ➕大学,工作半年申请，底薪四千。","进行中","2017-01-04","null","2017-05-04 8:38"
"","云","null","通过","2016-11-23","2017-05-24","2017-05-04 2:48"
"","luckygirl","求好运","进行中","2016-11-09","null","2017-05-04 2:46"
"","Li Li","第二次申请，2012年5月来新，国内一本，化工行业，SP， 薪水4K。 2015年8月申请一次，3个月秒拒。","进行中","2017-03-05","null","2017-04-30 8:24"
"","Mr.J","08年1 月来新，国内专科 薪水6k 第四次申请 物流经理EP","进行中","2017-03-27","null","2017-04-26 17:24"
"","xiaocuizr","中国PHD，薪水7k，申请1次悲剧，申述1次悲剧","失败","2015-10-15","2016-02-18","2017-04-24 10:43"
"","longshen","本科，新加坡工作五年半，薪水不到三千.","通过","2016-12-21","2017-04-11","2017-04-20 9:10"
"","oooishiramen","06年来新，政府中学+poly，毕业拿sp，历时135天准准4个半月approved","通过","2016-12-02","2017-04-17","2017-04-17 4:08"
"","rytha0102","本地 公民男 担保马华人女配偶 16年7月ROM 12月申请PR 4月15号网上查询结果 发现已批","通过","2016-12-12","2017-04-15","2017-04-16 15:00"
"","嘉嘉天下","家庭申请，男带女加一个小孩。国内博士，来新一年半，basic salary 8000。女为NTU在读博士。小孩一岁半，在新读幼儿园...估计会杯具 最后杯具了","失败","2016-07-20","2016-11-01","2017-04-11 3:09"
"","John","夫妻EP DP,EP国内本科，DP新加坡硕士。来新6年，无孩，年薪80K。 第四次申请，4个月批。","通过","2016-11-23","2017-04-03","2017-04-09 2:29"
"","DDT","来新5年，单身女，独生子。 工作半年的时候16年1月submit, 本地Poly毕业，本地私立degree, 申请的时候薪水2.5k，SP. 16年下半年加薪到2.9k补交了新的薪水单。12月收到了补交父母材料的信。17年初加薪到3.5K，换EP，补交了新的薪水单和EP。3月问过ICA status, 说是being processed.... Pending了一年多了，等到变形，等到崩溃 T T....","null","2016-01-31","null","2017-04-07 3:19"
"","bm","本人国内985本科毕业，2016年8月来新，在nus读fulltime master，9月和老公登记，10月申pr，整整半年通过了。老公是sm3，nus本科毕业，来新7年，工作两年，2016年6月拿到pr，年薪6w5","通过","2016-10-05","2017-04-07","2017-04-07 3:16"
"","CY","2016年3月24日，一家三口申请，主申请人09年7月开始在新加坡工作，英国master，大陆degree，一直EP，第四次申请，目前世界五百强企业，global role，产业巨头。basic salary 6.5K+， 另外还有9%的外国人基金，加起来 7k多一个月。annual package 110K. 31岁。太太和儿子在14年六月来新加坡，儿子目前四岁不到，在child care centre。太太目前持有LOC工作，月薪2.1k， office工作。申请一个半月后，被要求补充双方父母的资料。10月初收到拒信，10月10日去ICA提交上诉。。。。 2017年3月补交了新的工资单，正常的工资增加，2017年4月6日，approved","通过","2016-03-24","2017-04-03","2017-04-06 5:04"
"","xxx","一人单独申，来新2年，金融业，月薪10k，补交父母信息一次，历时1年","通过","2016-02-19","2017-03-14","2017-04-01 12:17"
"","cx","31岁单身，EP, 国外本科，来新1年半申请，历时9个月通过","通过","2016-06-07","2017-03-17","2017-03-31 2:03"
"","tst","男申请DPR，海外博士，EP来新加坡两个月后申请。女PR已1.5年。","通过","2016-11-15","2017-03-22","2017-03-30 3:55"
"","Luna","2013年初来新，国内211本科，NUS硕士。工作2年半多，薪水5k，EP。单身申请，独生子女，父母在国内，退休。","进行中","2017-03-30","null","2017-03-30 12:38"
"","Luna","2013年初来新，国内211本科，NUS硕士。工作2年半多，薪水5k，EP。单身申请，独生子女，父母在国内，退休。","进行中","2017-03-30","null","2017-03-30 12:38"
"","fkxdd","来新6年多，NTU硕士，机械工程专业，工作四年， 薪水3700，第三次申请","进行中","2016-11-23","2017-03-29","2017-03-29 2:36"
"","gamma","EP pass, 国内本，坡fresh PhD, 带妻子（DP) 申请，2月份时候因为合同续约了，给ICA 发过邮件。申请时男来坡6年，女4年，long term 转的DP. 感恩坡政府，感谢狮城er搭建的平台，特来更新。祝大家早日拿到身份，日子越来越好。","通过","2016-08-01","2017-03-23","2017-03-28 14:59"
"","null","12年来新，2年半WP，一年半SP，老公去年刚拿到的新公民，结婚两个月就申请了，历时四个月，今天查询approved，太激动了，祝大家好运。","通过","2016-11-21","2017-03-24","2017-03-27 13:25"
"","Clannad","EP, Basic S$4K+, 本科国内985, 211, NUS master, 来新4.75年, 工作3.75年, 独生子女, Single, 4th time app, 4th rejected.","失败","2016-12-24","2017-03-26","2017-03-27 12:20"
"","xyz","ntu本科毕业来新8年，4k+工作一年。","通过","2017-11-09","2017-03-24","2017-03-25 1:58"
"","Lisa","女，大龄单身，EP，国内本科，来新2年，提交前申请了本地公立大学的master（业余）","通过","2016-11-18","2017-03-24","2017-03-24 19:01"
"","xinstar","2005年底来新。2006年初到2014年尾一直在新读书。中学，BCAA 拿到diploma。14年底开始工作sp准证 薪水2500。第一次被拒，工作满2年了，现在又重新申请。","进行中","2017-02-27","null","2017-03-21 2:42"
"","QQ","14来新 EP 8.5K 单身 第二次申请 (第一次被reject后生活就变成了无聊的等待 一直持续到现在 现在也想清楚了 人生有限 如果你把所有时间都花费在这种无意义的等待中 浪费的也只是你自己的经历)","进行中","2016-10-06","null","2017-03-16 14:14"
"","Chien","2008 年3月来新,老公2014年12月来新,2015年8月在马来西亚结婚,2016年9月27日用SP带老公一起申请,还在等消息，已经5个月的等待，希望有好结果。。。 等待是个煎熬...很开心的一次就成功申请，反复检查了几次深怕系统错误，不过几次的结果都是“Approved”。。。现在等待收到信做进一步的过程处理","通过","2016-09-27","2017-03-11","2017-03-15 1:56"
"","chien","马来西亚，女带丈夫一同申请，只是普通执行员，等了5个月希望有好消息。。。","通过","2016-09-27","2017-03-11","2017-03-15 1:45"
"","family","NTU PHD，女生是research fellow （EP）, 带着老公research fellow（EP） 一起申请，中间ICA给老公打过一次电话问薪水多少，但是没有要payslip，2017年2月6日approve, 3月9日拿到IC。祝大家申请顺利~~","通过","2016-06-02","2017-02-06","2017-03-11 7:18"
"","Pauls","这是第四次申请了。 夫妻10年来新，国内985，NTU硕士，男主申请人，薪水5k+，女5k，孕期被拒后带着医生开的男娃证明去appeal，还是被拒。真费劲，快绝望了。","失败","2015-12-09","2016-07-20","2017-03-10 8:14"
"","vivi","Ep 上班两个多月 薪水4500 希望能够顺利通过","进行中","2017-03-10","2017-04-10","2017-03-10 3:55"
"","nfishsg","感恩，通过了，在phd毕业之前~ 老公是pr，我本人现在还是phd在读快要毕业，结婚三个月后申请。祈祷~","通过","2016-10-10","2017-03-06","2017-03-06 7:00"
"","J","毕业工作一个半月后申请，希望不要被拒. 希望快点出结果","通过","2016-10-05","2017-03-09","2017-03-06 15:22"
"","dlmsss","NTU 本科，薪水3K+","通过","2016-10-27","2017-03-04","2017-03-04 3:09"
"","Lux Yang","26岁，马来西亚人，spm文凭都不及格。希望能成功。","进行中","2016-10-27","null","2017-03-01 16:04"
"","shery","25岁，未婚，薪水2.5k媒体工作，马来西亚人，台湾毕业， 在新加坡工作两年","通过","2016-07-30","2017-01-27","2017-03-01 13:10"
"","lisazhang91","NTU Fulltime Master, 13年fall来新，base四千。结果意料之中。没想到这么快。","失败","2016-12-02","2017-02-24","2017-02-27 8:05"
"","kellly","老公 理工学院，私立大学 ，$3700, 来新16年。老公和小孩都新加坡公民 , 来新一年 。","进行中","2017-02-13","null","2017-02-22 2:27"
"","charles","couple 共同申请，两人都是国内211本，本地NTU硕，2010年来新","进行中","2016-11-11","null","2017-02-17 4:37"
"","SD","男 PR Sponsor妻子申请，男本地公立大学本科，工作5年。女从国内来坡，补习中心华文老师 ROM 半年后申请","通过","2016-07-04","2017-02-16","2017-02-16 14:59"
"","ww","来新8-9年，中学政府中学，POLY毕业，工作11个月递申请，五月多一周得到结果","通过","2016-08-24","2017-01-27","2017-02-14 6:00"
"","孤独的根号三","Local Poly + Local Uni，工作三个月提交申请，建筑项目工程师，basic salary 2600SGD，第一次申请6个月出头即approved，感恩！","通过","2016-07-19","2017-01-26","2017-02-14 1:11"
"","佚名","2012年来新，公立大学master，毕业工作于consulting行业，薪资4k左右，第三次申请，依然失败，好难","失败","2016-09-09","2017-02-07","2017-02-13 6:31"
"","kevin breel","本地JC, NUS本科毕业，来新加坡7年+ ， 工作半年申请，不到6个月收到IPA. 非常幸运！希望大家新年有好运！","通过","2016-08-01","2017-01-26","2017-02-09 9:33"
"","Hawthorn","全家申请（第一次）；男EP，第三国硕士，来新接近四年，月薪$10K+，非独; 女DP，homemaker; 两个宝宝，均在坡县出生。老板写了一封热情洋溢的推荐信。","通过","2016-04-12","2017-02-10","2017-02-09 17:08"
"","蓝蘑菇","NUS master 2012来坡，工作三年，英国公司，独生子女","进行中","2016-08-31","null","2017-02-08 7:28"
"","Kevin Breel","中国人，本地JC, NUS本科毕业，工作半年申请，大年初二网上批准","通过","2016-08-01","2017-01-29","2017-02-06 9:36"
"","昌鸿一家","夫妻，男主申请人，在新10+，国内重点大学毕业，EP,Basic 4K+公司老板推荐信；女，在新近5年，DP,做Account,薪水S$2K+,第二次申请。PRAY求通过，好运！！！！！","进行中","2016-12-08","null","2017-02-03 6:43"
"","Byland","全家申请，男主申请人，NTU Master, 在新6+，薪水6.4K， 女NTU Master，在新6+，薪水4k，宝宝不到一岁，希望菩萨保佑","进行中","2016-11-05","null","2017-02-02 14:53"
"","Byland","全家申请，男主申请人，NTU Master, 在新6+，薪水6.4K， 女NTU Master，在新6+，薪水4k，宝宝不到一岁，希望菩萨保佑","进行中","2016-11-05","null","2017-02-02 14:51"
"","fuhuier","6月ROM， 老公 PR sponsor。11年底来坡，985本科，NTU Msc，工作3年，EP，薪水$3.5k。9月份补过一次父母和兄弟姐妹材料。","通过","15-06-2016","2017-01-06","2017-02-01 6:24"
"","Tony","夫妻ep带小孩，小孩在新出生，来新4年，第二次申请","通过","2016-09-02","null","2017-01-26 8:06"
"","Jochow1015","Private Banker, son US passport, stay in Singapore 19 month. Apply with husband and son. Husband not employed in Singapore yet.","进行中","2016-09-28","null","2017-01-25 2:35"
"","lisaM","null","进行中","2016-11-18","null","2017-01-24 7:24"
"","oj","来新十年，NUS本科毕业，本地公司工作8个月申请","通过","2016-08-02","2017-01-10","2017-01-17 6:53"
"","Happy2","年龄30，09年来新，985本科，NTU master, 在新时间master1年，工作6年，共7年。第三次申请。薪水7k+。","失败","2016-03-30","2016-08-27","2017-01-17 14:12"
"","bright","$4000, EP, 本地PhD毕业6个月,8月初补交父母材料（要求在两周之内补齐，但邮戳显示这信过了一周才寄出来，差点没赶上）。求好运！","通过","2016-04-08","2016-12-19","2017-01-15 5:51"
"","brightsky","夫妻国内985本科，男 12年来坡，13年NTU Msc毕业，IT工作3年多 4k+， 女 12年来坡，13年NUS Msc毕业，3k+, 希望早点拿到吧。 ///准备回家！","失败","2016-09-03","2017-01-13","2017-01-13 9:19"
"","Clannad","EP, Basic S$4K+, 本科国内985, 211, NUS master, 来新4年, 工作3年, 独生子女, Single, 3rd time app. 被拒收材料，说是距离上次被拒不到6个月，只能appeal..","失败","2016-07-22","2016-07-22","2017-01-08 3:26"
"","Handsome","Nationality: Malaysian Sex: Male Age: 26 years old Qualifications: 1. Bachelor Hons Engineering (Non-SG) 3. Master science Engineering (NUS) Duration in SG: 2 years Salary: SGD3000 Family members all stay in Singapore","通过","2016-06-21","2017-01-06","2017-01-08 2:17"
"","Henry","来新加坡14年，2002来新， 小中学都在这边，poly 毕业 拿SP准证工作了一年整申请PR, 公司不给写我的资料，不过我照样提交，每想到3个月就下来了。四面佛保佑，要去泰国还神了！！！！","通过","2016-09-26","2017-01-04","2017-01-06 10:11"
"","KL81","单身女子，35岁，来自马来西亚。澳洲多媒体设计学士，新加坡南洋理工大学资讯学硕士。硕士毕业以后曾获邀申请PR但没接受。五年前来新从事教育工作，是半个公务员。一直都是EP，月薪5K＋。等了将近7个月，PR获批。","通过","2016-06-23","2017-01-03","2017-01-03 3:30"
"","simplylaugh","DPR, Malsysian, 09年来新，LG 拿到PR 1个月我就提交材料，等了13个月通过","通过","2015-11-25","2016-12-30","2016-12-30 8:22"
"","acekillersg","NTU PhD，刚工作一个半月就提交了申请。老婆已经是PR，所以是以EP holder身份申请，工资6K+，顺利通过。","通过","2016-09-30","2016-12-16","2016-12-29 5:26"
"","小马哥","来新加坡5年多 SIM degree 毕业 现在CIMB 银行工作 salary2200","进行中","2016-10-31","null","2016-12-28 18:02"
"","kooka","bca diploma . kaplan parttime在读还没结束。 来新5年 女，24岁，salary：2200","进行中","2016-12-24","null","2016-12-26 5:51"
"","强强敏敏一家","女本地poly+8年新加坡+PR一年半+政府医院护士+Basic 2,900 Sponsor 男国内211+4年9个月新加坡+SP+Oil&Gas Engineer+Basic 2,900. 5月下旬ROM6月上旬申请。静静的等着。。。","通过","2016-06-09","2016-09-23","2016-12-24 1:31"
"","wensan","新加坡本科毕业，毕业PO月薪3K，来新五年。求好运","null","2016-11-21","null","2016-12-22 3:46"
"","JJ","couple，来新5年多，男NTU博士，外企工作，EP，5K+，女，NTU硕士，NTU工作， 3K+","通过","2016-04-12","2016-12-14","2016-12-19 15:13"
"","flowerfish","NUS phD 工科生一枚，12年来新，16年初毕业，做RF工作近一年，工资4500, EP.老公学历同，今年8月份交PhD thesis，11月份答辩，还未拿到conferment letter，九月份开始做RE，SP, 工资3800. 因为老公工作尚未满六个月，且未拿到degree转EP，故单独申请。Pray求好运.","进行中","2016-12-02","null","2016-12-17 7:53"
"","rrrwqewqrf","GF 月薪7000 失败","失败","2016-05-01","2016-12-01","2016-12-13 8:46"
"","qq","男带女一岁宝宝申请，半导体行业，国内211本科，来新五年，薪水4.5K，SP。女国内985硕士，来新3年，4K，SP。三个月秒拒。好难过","失败","2016-09-09","2016-12-11","2016-12-12 5:04"
"","vicky","老公新加坡人，薪水3900，我薪水1700，结婚1个月就去申请了。。","进行中","2016-11-29","null","2016-12-03 2:40"
"","Henry","夫妻同申，夫主申，来新近4年，EP 5000+，第二次申请，进行中，夫国内本科，欧洲硕士；妻NTU博士在读。","进行中","2016-10-24","null","2016-11-30 0:46"
"","DioMax81","35岁，马来西亚男 单身 新加坡工作10年以上了，2016年7月nitec念完后，公司顺利的帮我申请到Spass。8月中拿到Spass后就赶紧预约了。底薪2千出头 gross 2500左右。","进行中","2016-11-24","null","2016-11-29 5:59"
"","flyfall","国内Top3的工科学校MS,半导体工程师，来新三年，basic 5000+,","进行中","2016-11-18","null","2016-11-19 12:50"
"","LilyZ","工作接近一年后去申请，薪资3k＋，用了7个月批准了～ :) 专业是机械工程师","通过","2015-05-18","2016-02-01","2016-11-17 5:44"
"","SQ","22岁 NTU MSC 来新3年半 单身 独生女 EP 3.3K 外资公司IT support","进行中","2016-09-29","null","2016-11-10 2:06"
"","紫色理想","老婆申请dpr。老公08年来新，国内本科，NTU硕士，pr6年, basic 5000+。老婆11年来新，国内TOP3大学本科，申请时NUS博士在读。结婚两个多月申请。7月份毕业，还没UPDATE学位证，也没工作，就正好收到PR通过的信了。","通过","2015-02-07","2016-07-31","2016-11-08 7:59"
"","Jeff","男来新6年多 国内本科 薪水7K 家庭申请 妻子全职带孩子， 儿子2岁半 妻子和孩子来新1年半，这个是第三次申请。 之前13年自己申请过一次 7个月被拒， 15年7月全家申请一次 4个月被拒","进行中","2016-09-24","null","2016-11-08 6:13"
"","bugu","来新5年多，ntu毕业phd一枚，毕业后拿EP做postodoc，工资4k+,工作8个月后申请，等了5个多月终于被批准","通过","2016-05-04","2016-10-10","2016-10-26 11:20"
"","xiaobuding8282","DPR,老公担保申请。两个人都是27岁。老公：PR 不到两年，NTU本科毕业，SMU part-time 在读master, 薪水basic 4000, 大公司。来新快9年。后来单独申请SC(已经批准)。本人: 国内二本毕业，薪水2200，SP，申请时候来新两年半。 ROM 一个月之后申请的， 历时了13个半月才批准","通过","2015-07-14","2016-08-31","2016-10-24 7:29"
"","alton12783","26岁，221本科，港理工硕士，来新加坡半年+1年四个月，中间有半年在上海，工资 6k。申请时说没有毕业证书正本，只带了硕士的testimonial和本科学校自己的英文翻译件，说明了理由 （没带）。顺其自然吧。","进行中","2016-10-21","null","2016-10-21 9:50"
"","SJ","国内985本科，12年来坡NTU MSC, 13年工作 14年结婚，老婆也是NTU master,第一次申请，3个月秒拒。第二次申请，pending 15个月 要求补家庭信息，10天后网查approved","通过","2015-06-09","2016-10-13","2016-10-17 3:48"
"","vivian","sp pass 中国人 女生 来新8年 temasek poly 毕业， 工作1年 工资4000","进行中","2016-03-23","null","2016-10-10 6:51"
"","wwwwxx","本地PHD 男，单人申，工资4000+，交申请后一个月被要求补交材料","通过","2016-06-16","2016-10-07","2016-10-10 5:51"
"","Yong","马来西亚男30岁，Spass，wp 11年，来新12年薪水2000+，ITE part time higher nitec文凭,已超过6个月还没消息。希望有好消息，因为材料准备和申请程序很麻烦","失败","2016-03-22","2016-10-10","2016-10-10 0:30"
"","elaineliang","Chinese. S-Pass. Work in Singapore for 1 year. US educated from high school and onwards. Graduated from Ivy League institute in 2014. Worked in Manhattan prior to relocate to Singapore. Salary was around 7K SGD when I was in Manhattan but cut to 4K(Base) SGD after I moved to Singapore. 25 years and unmarried without kids. Not the only child at home.","进行中","2016-10-07","null","2016-10-07 1:49"
"","rr","SM3，独生子，薪水3K，等了近6个月终于批了，祝大家好运","通过","2016-04-12","2016-10-06","2016-10-06 16:09"
"","hansom1029","1. 全家申请，我主申 差半个月30岁，老婆＋孩子（1岁男孩），首次申请。 2. 我个人来新工作1年9个月，老婆年初带孩子过来的，目前专职看孩子没工作。 3. 国内211院校 Master和Bechelor，去年1月空降EP工作 4. 目前Fixed salary 大概12K/month, ＋ 年终奖，不过应该体现不出在申请里。","进行中","2016-10-05","null","2016-10-05 14:06"
"","bin","来新11年中学 ITE poly2015年毕业，等了三个月零十九天上帝保佑终于批了","通过","2016-06-15","2016-10-04","2016-10-04 19:40"
"","漂在异乡的人","10年11月来新加坡 半导体行业工程师 前两年拿着EP工作 renew后downgrade到SP.13年老婆小孩来新加坡持有DP。小孩5岁在childcare center ,太太家庭主妇目前。本人国内大专学历，月薪固定5000（不包括加班补贴），年薪11万新币以上。第二次申请一家三口（14年是3月份第一次申请 一家三口，pending 一年后收到reject下）。希望这次能通过","进行中","2016-06-30","null","2016-10-04 13:31"
"","jumu","老公pr sponsor，本人在读博士，均来新八年","通过","2016-05-18","2016-09-30","2016-09-30 5:32"
"","SoulOz","第一次申请，马来西亚籍，马来西亚学士毕业。2014年12月来新，拿wp，1月末辞职。2015年3月末新工作，金融业，EP，底薪2K，全部不到2.3k。","通过","2016-05-14","2016-09-20","2016-09-27 23:41"
"","xx","null","进行中","2016-06-21","null","2016-09-23 7:34"
"","yy","国内top2 MD，medical officer, salary 7k＋，2014.7来新，单身女，第一次申请","通过","2016-04-09","2016-09-02","2016-09-21 12:46"
"","luck hahaab","28岁马华女年薪42k 来新5年 spass一年 3月申请 7月被拒 7月尾上诉 目前是状态pending 求好运","上诉中","2016-07-28","null","2016-09-20 6:06"
"","HAHA","S-PASS，PLA信息工程大学，双学士，BASIC $3750，来新4年，祈祷下。。。","进行中","2016-08-16","null","2016-09-18 16:05"
"","aiyali","EP, basic $3.8K, 国内211，NUS master,来新4年。不抱希望。","进行中","2016-08-12","null","2016-09-16 13:39"
"","null","来新三年，电厂生产经理，工资6K+，老婆全职太太，带两个宝宝，2015年10月提交申请。","进行中","null","null","2016-09-14 4:07"
"","test","test","进行中","null","null","2016-09-07 5:23"
"","dou","家庭申请，男主申，NTU PHD，EP， 4k+, 工作一年， 中间ICA发信要交PHD学位证，7月底convocation拿到才补交上。女，NTU PHD，交论文未答辩，继续在学校做RA，SP，不到4k. 男孩，三岁多，新加坡出生。 P.S.，刚准备换工作，MOM前几天刚批了新的EP，换家大公司。 觉得他们内部系统绝对是连着了，过几天这边就更新状态了。","通过","2016-03-16","2016-09-05","2016-09-05 3:22"
"","Luck","Malaysian here. 19 years old this year my Father sponsor me for applying pr. Hopefully will success. Luck!!!","进行中","2016-09-01","null","2016-09-01 18:21"
"","等待","S Pass, SPM 文凭,薪水两千多,已经七个月了,还在等待中,保佑能批吧。","null","2016-02-04","null","2016-09-01 15:20"
"","Ricky","nus毕业 保险经纪","进行中","2016-06-08","null","2016-08-31 5:21"
"","test","null","通过","null","null","2016-08-31 1:26"
"","jslm","12年来新，两年WP，后来换工作，SP， 申请时2900+， SP一年多，pending过程中加薪两次，结婚，补交父母信息，然后通过","通过","2016-02-23","2016-08-03","2016-08-30 5:23"
"","THE","Malaysian, 女， 31岁， 工作接近11年， WP 10年++, EP 3个月， a/c diploma, basic 2.4k, a/c executive, 第一次申请","进行中","2016-08-20","null","2016-08-27 6:50"
"","T.H.E","Malaysian, 女， 31岁， 工作接近11年， WP 10年++今天， EP 3个月， a/c diploma, basic 2.4k, a/c executive, 第一次申请","null","2016-08-20","null","2016-08-26 15:00"
"","zhwindson","EP 男 工资12k 太太 5k EP 工资5k+","进行中","2016-04-11","null","2016-08-25 6:41"
"","Reddot","馬來西工人, 工作7年，work permit 6.5年, EP 3个月, 第一份工作, Marine service, CET diploma, basic 2.4K, annual income 39.5K","通过","2016-04-22","2016-08-15","2016-08-22 15:06"
"","马来西亚女生","S Pass, Malaysian.","通过","2016-01-08","2016-08-20","2016-08-21 12:02"
"","孤立无援","来新十年都在同一间公司工作，底薪2600+，公司申请，求好运","进行中","2016-05-17","null","2016-08-20 13:57"
"","外劳","马来西亚，男，25岁，UK Degree，来新快三年，第三份工作，MNC，年薪39k，EP holder. 求好运！ （一位同学同样背景等了一年被reject TT）","进行中","2016-06-15","null","2016-08-17 8:34"
"","Jurisss","2007.9来新加坡读O Level, 2009.4-2012.4读Singapore Poly,之后去英国2年。2014.7回新加坡读master. 2015.8开始在新加坡工作。政府工,薪水4k+. 一直忘记查了。。8.5回家收到了信发现通过啦 哈哈囧","通过","2016-03-23","2016-08-01","2016-08-08 10:29"
"","weiweiweiwei","2 years S-pass holder, Monthly pay 3550. Husband(also PR) sponsors. Approved just before my last day. so lucky!","通过","2015-12-23","2016-07-29","2016-08-05 7:15"
"","薰衣草","来新8年o Level 1年，poly 毕业， 工作4年 工资3.5K 求好运！","通过","2016-02-29","2016-07-18","2016-08-04 5:19"
"","zzz","EP, Basic 5K+, NTU master, 来新四年 工作三年, 第一次申请，三个月20天被拒。","失败","2016-04-07","2016-07-30","2016-07-31 4:53"
"","小新","马华 男，32岁，Senior Finance Exe, EP, Basic $3100, 私立大学 Degree in Acc & Fin (Part Time), 历时八个月","通过","2016-01-09","2016-07-28","2016-07-28 4:00"
"","niming","本人國內211本科,老婆國內master,夫妻申請,家庭月收入8k+,均從事半導體行業,SP holder.來新4年,第一次申請.","失败","2016-03-24","2016-07-25","2016-07-26 6:25"
"","Serendipper","国内一线城市户口 工学学士 单身 来新5年 独生子女 第四次申请 年薪120K。","通过","2016-03-08","2016-07-22","2016-07-22 9:45"
"","Lao mao","国内211+985硕士，来新七年。申请时薪资不到8K。年龄37岁。带老婆和一儿一女，女儿三岁儿子六岁，老婆没工作。希望大家都有好运气","通过","2015-11-07","2016-07-11","2016-07-20 8:30"
"","allenever","NUS本科毕业。毕业之后在半导体公司上班，月薪3500. 1年4个月 终于批了...","通过","2015-03-12","2016-07-18","2016-07-19 4:48"
"","马劳","马劳， 单独来新1.5年， SPM 文凭， S PASS, 工厂Operator， 历时9个月","通过","2015-10-04","2016-07-01","2016-07-18 15:18"
"","my_123","全家申请，男来新6年，EP工资5K+bonus;女来新3年，SP工资3K+bonus。宝宝今年在新加坡出生。","进行中","2016-08-24","null","2016-07-18 1:28"
"","ming237","27 马来西亚人 2.3k++ EP 新加坡工作3年半 学士学位","通过","2016-01-22","2016-07-18","2016-07-18 0:55"
"","1234","adfsasfd","进行中","2016-07-14","null","2016-07-13 16:24"
"","abc","marine industry ,engineer , big comany . salary 3500+","进行中","2015-05-22","null","2016-07-12 6:51"
"","feng","poly 毕业，薪水2.3k","通过","2016-03-21","2016-07-12","2016-07-12 6:11"
"","Python","Poly毕业，工作7个月，S-pass，2.6k 在台湾旅行的时候看到被批准了，太开心！","通过","2016-02-26","2016-07-02","2016-07-11 5:13"
"","Allan","Malaysia Male 29 years old, 第三次申请。 来新工作 3 years++， EP Holder。 薪水 4K++SGD。 在MNC IT 工作。 最近补交资料 - 新加坡ROMCertificate - 太太资料（PR） - 薪水单","通过","2015-12-16","2016-07-11","2016-07-11 2:35"
"","qp","政府中学 + Local Poly毕业。工作满6个月时申请，现在已经工作快一年了，pending了7个月，求好运～","进行中","2015-12-26","null","2016-07-08 8:54"
"","xiaoyu","oevel + sp +local u, 来新8年，EP holder, 工作6个月申请，四月中补交了父母CV. 还在Pending. 希望好运，快点批准~","进行中","2016-02-16","null","2016-07-05 9:04"
"","ming","学士学位 新加坡工作3年 马来西亚人 薪水2.2k++","进行中","2016-01-22","null","2016-07-01 3:06"
"","philip teo","SM3，NTU，本地小公司，历经6个月，其中补交一次工资单，通过","通过","2015-12-22","2016-06-22","2016-06-29 9:17"
"","bantiao","薪水7000.公司GM,国内本科学历，工科。15年3月来新（09-12年在新工作），老婆15年11月来新，有工作，薪水2250，16年6月提交，期待好运","进行中","2016-06-13","null","2016-06-27 9:25"
"","bccantonese","Chinese national S-pass Diploma from Singapore Polytechnic 2-year Secondary school","通过","2015-08-21","2016-04-04","2016-06-27 14:49"
"","mwei","22岁，来新8年，政府中学+poly，工作半年后递交申请，spass basic 2200，历时6个多月","通过","2015-12-01","2016-06-25","2016-06-26 12:46"
"","mwei","22岁，来新8年，政府中学+poly，工作半年后递交申请，spass basic 2200，历时6个多月","通过","2015-12-01","2016-06-25","2016-06-26 12:42"
"","expat","MSc and BEng from HK Government University >8K and worked in Singapore for ~3 years","失败","2016-01-01","2016-05-31","2016-06-25 11:20"
"","Sean","MSC，新加坡工作>2年，經理職，收入4000+,第二次申請","失败","2016-01-05","2016-04-12","2016-06-23 8:23"
"","Mandy","女，国内211本科，毕业六年，来新一年半，ep，S$5800, 语言专业，已婚，和老公分开申请。估计会被拒，要拒请秒拒","进行中","2016-06-09","null","2016-06-21 8:27"
"","Amanda","单身 女 新加披私立大学毕业之后去英国读master 毕业后回新工作 拿ＳＰ一年后更新EP 申请时工作ＥＰ三个月 薪水３６００. 各种求好运。。想要拿到ＰＲ后光速离职。。。哈哈","失败","2016-02-23","2016-06-17","2016-06-20 9:18"
"","emma","国内985本科 NTU master 来新2年 月薪4k 自己申请","进行中","2016-04-01","null","2016-06-20 2:35"
"","无言","SP, 2009年来新。等了足足9个月才来拒绝, 我的天啊, 干脆3个月就拒呗","失败","2015-09-02","2016-06-02","2016-06-17 14:00"
"","womendeai","poly毕业，历时4个月多。在新加坡呆了差不多10年了","通过","2016-01-21","2016-06-13","2016-06-13 9:39"
"","zoe","先生主申请人。月薪11K+，来新5年多。 本人第二次申请，（第一次是一个人申请）。 Spass，月薪2700，本地私立本科毕业。 来新快8年。 希望好运。","失败","2016-01-07","2016-06-06","2016-06-06 6:48"
"","麦香绿茶","本人申请DPR,来新6年，私立master毕业，工作4年多，做技术支持，月薪2900. 老公SC,一间小公司的finance manager, gross 5700sgd. 2016年1月注册，2月申请PR.","通过","2016-02-05","2016-05-27","2016-06-06 4:39"
"","Tina","等等等等等，把我等的花都谢了！","进行中","2015-11-28","null","2016-06-02 1:58"
"","NN","公婆一起申请。年龄都为29.都无本地学历，2012年在新登记结婚。老公主申请人，国内大专文凭，2011年来新，SP，本地五金公司，marketing manager，工资4k+。 老婆副申请人，国内本科学历，2010年来新，中间有换过一次工作，最先开始是EP，后来换公司后变SP，之后因为公司quota不够降成WP... 外企大公司，Admin，工资3.5K。 第一次申请。等PR，等买房。","进行中","2016-03-01","null","2016-05-30 8:31"
"","TSY","來新6年, 國內211 master, 月薪 6.7K, 帶妻子和寶寶一起申請, 妻子也是國內 master, 寶寶一歲半.","失败","2015-12-03","2016-05-30","2016-05-30 6:31"
"","梅花鹿","15年poly毕业 2.5k 来新10年 自己申请","通过","2015-12-31","2016-05-28","2016-05-30 1:10"
"","CCCC","pass!!11年来新，12年进poly, 15年毕业拿s pass 2.2k, 求好运！","通过","2015-12-19","2016-05-30","2016-05-30 1:10"
"","PANGPANG酱","POLY毕业，交了两个月薪水单后又补交了四个月薪水单，没有公司信。五个月通过，感谢观音菩萨保佑","通过","2015-12-28","2016-05-28","2016-05-29 1:57"
"","wanwan","poly毕业，没公司信。","通过","2015-12-12","2016-05-16","2016-05-29 0:56"
"","Tina","这么久了还在漫长等待，能不能快点？ 现在怀孕了希望有好消息。。。。","进行中","2015-11-28","null","2016-05-28 2:16"
"","Meng","07年來的，還在等，唉 靠，被拒了。。。。 上訴試試","上诉中","2015-12-16","2016-05-27","2016-05-27 6:35"
"","YamYam","Poly graduate, S pass, salary 2k, nus part time degree now. applied after 6 months of working","进行中","2016-01-06","null","2016-05-27 6:08"
"","Clannad","EP, Basic S$4K, 本科国内985, 211, NUS master, 来新4年, 工作3年, 独生子女, Single, 2nd time rejected.","失败","2016-03-29","2016-05-27","2016-05-27 12:03"
"","crunchy","等了15个月，感谢主。愿大家也在耐心等待后有好结果。2010来新，大学4年，工作2年ep，未婚。","通过","2015-02-16","2016-05-23","2016-05-25 1:55"
"","aaa","Master, female, single, 10k+, sg 5years","失败","2016-02-29","2016-05-18","2016-05-24 1:19"
"","pppppp","本地phd，09年来新，单身男","通过","2015-08-11","2016-05-04","2016-05-23 5:04"
"","青叶","女，PR，政府医院做工，男，持DP，工程师，月3000左右，由女方担保申请，4个月1天批准","通过","2016-01-13","2016-05-14","2016-05-22 10:01"
"","Desmond","马来西亚男，S pass holder，basic 2500, 在新工作4年，父母双pr。Approved了，感恩！","通过","2015-11-09","2016-05-17","2016-05-18 3:49"
"","BW","2010年poly毕业，毕业后在英国读master。14年回新，工作与poly专业对口。提交申请后在新结婚，3月7日来信补交结婚证(老婆15年8月拿到pr)。pending7个多月终于approved。","通过","2015-09-30","2016-05-13","2016-05-13 1:50"
"","lemon","夫妻两人，男主申，NUS PHD，来新六年，现为博后；女副申，NTU RA，合同较长。交材料一个多月后即收到ICA要求补交父母材料信息，又等了两个多月通过。","通过","2015-12-16","2016-05-01","2016-05-07 10:02"
"","HG","nus master, 2010年来新，工作4年，薪水4800，单身，独生子女，第三次申请，进行中，求通过","进行中","2016-04-15","null","2016-05-05 7:38"
"","Satellite heart","28岁，单身，澳洲的本科和硕士，在新加坡考了个acca，2012年来新工作，没换过公司，申请时3.5， 后来用邮件交了加薪到4.5的工资单。申请的时候老板还给我写了一个supporting letter.","通过","2015-09-10","2016-05-03","2016-05-03 1:12"
"","Apococococo","国内985 本科 NTU PhD 刚交论文 MNC 4.5K/Month EP holder 工作五个月提交/三个半月应该算秒拒了吧，看来得等拿到毕业证先","失败","2016-01-15","2016-05-02","2016-05-02 2:58"
"","Kamisama","NUS 本科，来新5年+，国际公司入职 4000+","进行中","2016-01-07","null","2016-05-01 5:01"
"","颠沛","男, 单身, 2015 Poly 毕业, 来新7年, 6个月工资单, Basic 2200, pending 4个半月 Approved, Finally...","通过","2015-12-07","2016-04-21","2016-04-26 7:55"
"","eric","Poly毕业 Basic 2200 在新10来年 小公司","通过","2016-01-04","2016-03-28","2016-04-23 5:59"
"","alex","test test","通过","43243434","2016-04-14","2016-04-22 9:07"
"","YY","女，单身，2015 poly 5月毕业， 6个月工资单basic2200，希望快点下","进行中","2016-01-07","2016-04-21","2016-04-21 14:12"
"","Weiyang","Poly 毕业 薪水2.1K MAY2015 SP","进行中","2015-12-28","null","2016-04-19 9:08"
"","tw2wq","NTU Master，NUS RA 3年半 S$3500，来新5年半, 单身男","进行中","2016-04-18","null","2016-04-19 8:03"
"","DDYY","POLY 毕业 在大公司工作 因为quota 问题 之前拿了一年WP, 换成SP 后马上申请PR, pending 九个月时写email 问进展, 2 月收到补交父母的信，但SB房东3月才给我， 去ICA补交并写了解释信， 四月终于批下，等了整整1年。FK","通过","2015-04-16","2016-04-16","2016-04-19 1:44"
"","mikemikemike","NUS本科，美国PhD。回新工作8个月后申请。Pending 11个月终于批准。","通过","2015-05-04","2016-04-11","2016-04-12 5:40"
"","咪咪","老公是pr, 担保我LTVP ，家庭主妇，已申请pr 有十个多月还是在pending 中不知还会有希望吗？","进行中","2015-06-04","null","2016-04-12 5:27"
"","ni","本地工科Phd，国内本科+Master，在新5.5+年，女，单身，博后research工作，拿EP，薪水5k+，已经pending 快7个半月，没有任何消息，等了好长时间，在这里更新祈祷一下，希望能过。加油加油。 更新一下： 4月11号查，刚刚通过，2010年来新，从交材料到approved，共历时近八个月，第一次申请，申请时已毕业在学校继续工作近一年，参加convocation拿到学校发的正式PhDdegree后才申请，当时只交了基本申请表格和两个向福利机构捐款单，未补充什么材料，希望能给大家一个参考，也祝大家能有好运。","通过","2015-08-17","2016-04-11","2016-04-11 5:52"
"","Timothy","男主申：NTU PhD，申请时在新四年+、工作五个月，薪资6k，第一次申请。女副申：NTU Master，申请时在新三年+、工作两年多，薪资3.7k+，第二次申请(独立申请过一次)。两人均国内本。整6个月时获批。","通过","2015-10-10","2016-04-10","2016-04-10 23:36"
"","rita","单身女，政府工，薪资3600，工作四年多，第一次申请，通过","通过","2015-10-15","2016-03-31","2016-04-09 13:22"
"","oldTally","国内top2 本科，2009年来新，一直是EP holder，第一次申请，basic 11k gross 15k 某投资银行","失败","2015-10-22","2016-04-07","2016-04-08 10:03"
"","SantoriniCat","2012来坡，公立Master毕业，政府consulting行业，第二次申请，月薪小于4k，2月末被叫去interview，问了很多生活工作相关问题，以为很有希望，结果被庙拒，略桑心，准备上诉一下","失败","2015-12-08","2016-04-01","2016-04-02 3:07"
"","xiaoyi90825","1991年，单身，女，来新六年，新加坡私立大学毕业英国文凭 3年本科，第一次工作七八个月申请，三个月被拒，EP 薪水3300.第二次申请又三个月被拒，更新薪水3400.","失败","2015-07-25","2016-10-25","2016-04-01 7:55"
"","Queen","2003年来新，私立本科毕业，EP，薪水后来涨到5200，做人力资源的","失败","2015-12-24","2016-03-19","2016-04-01 15:14"
"","daika","老婆SC，NUS，薪水3.6k，担保申请！本人无本地学历，有做工，薪水4k！1月22号来信让补过去五年的工作和薪水，2月2日递交！","通过","2015-11-28","2016-03-31","2016-03-30 16:28"
"","Jack","2015年5月poly毕业，4月参加工作持SP.","通过","2015-11-09","2016-03-02","2016-03-29 6:10"
"","nk","08年来新加坡读政府中学 大专毕业 工作一年 月薪$2500","失败","2015-12-28","null","2016-03-28 2:33"
"","Clannad","EP, Basic S$3.7K, 本科国内985, 211, NUS master, 来新2.5年, 工作1.5年, 独生子女, Single, first time app.","失败","2014-11-29","2015-02-10","2016-03-24 16:40"
"","Winwin","work in sg 6 year ago. basic salary 2300, diploma, 33 age, single.","进行中","2016-03-22","null","2016-03-22 3:11"
"","BB","这是第四次自己申请，中间 有一次是老公是主申请人。还有申请过两次long term visit pass 都没下来。08年来新 ，薪水 2500 现在的 SPass 下个月到期 。。。。。公司没有 renew 不知会怎样。。。。。。 20 Mar 2016 发Email 问 ICA, 22 Mar 2016 上网查发现Reject","失败","2015-09-15","2016-03-22","2016-03-22 1:32"
"","JYP","Ep 来新七年、月薪5块、会计师","null","2015-07-30","null","2016-03-16 13:11"
"","郝厉害123","Poly + SPass+底薪2200+6个月工资单","通过","2015-12-08","2016-03-08","2016-03-10 7:15"
"","我的未来不是梦","夫妻双方国内本科，均工作，一个月薪7K一个6K,带俩娃","进行中","2015-12-26","null","2016-03-09 7:51"
"","chloeyueyue","等了快1年1个月了啊，十分煎熬，不知道还有没有希望","进行中","2015-02-16","null","2016-03-09 5:04"
"","evan9912","PhD 5Y+ research $5,500 Approved","通过","2015-03-15","2016-01-18","2016-03-09 10:49"
"","sy","女，来新10年，WP 6年，SP 4年，第二次申请，薪水2600，小公司Engineer. 非独生女，公司推荐信，三年税单","进行中","2015-12-29","null","2016-03-08 8:34"
"","Linda","老公主申请人，老公来新六年，国内重点本科，NTU硕士，薪水5000+，13年第一次申请被拒；我来新两年，国内普通本科，SP，薪水2000+。希望通过~~3月初主动补交年底加薪的薪水单。希望有好运，加油！","进行中","2015-11-23","null","2016-03-07 9:56"
"","Tina","老公PR， 俺还是WP 希望有好消息！","进行中","2015-11-28","null","2016-03-07 8:27"
"","y921L","批了 义安毕业 7月开始工作 ￥2200 算大公司吧 专业不对口 拿了一个半月工资单申请  无父母材料","进行中","2015-10-15","2016-03-04","2016-03-07 0:18"
"","Ivan","09年来新，Poly毕业，六个月工资单申请，pending近十个月，过了","通过","2015-04-15","2016-02-04","2016-03-03 9:32"
"","cxc","在新五年 一年语言班 工作四年14年申请被拒签 现在是第二次申请 中间因为转换工作 递交过材料 211 大学毕业 单身女 85年 持EP 薪水6200","进行中","2015-07-20","null","2016-03-02 7:29"
"","samuelwsyuw","夫妻医生独立申请，北大毕业，申请时工作1年9个月，中途ica建议改为家庭申请，重新填表。通过时 totally worked 2 years and 4 months","通过","2015-07-04","2016-02-28","2016-03-02 15:39"
"","iammqq","女带男夫妻申请，女国内985本科硕士，男985本科，女 ntu RA EP 4年，part time phd在读4年，男来新半年smu master 在读。第3次申请，前两次女单独申请被拒。","失败","2015-10-01","2016-02-09","2016-03-01 2:59"
"","ppoo","sp","进行中","2015-10-31","null","2016-02-28 16:57"
"","XiaoWei","馬來西亞人，單身。台灣大學室內設計Diploma畢業，來新工作3年，一開始拿EP。申請第二次才通過。","通过","2015-09-21","2016-02-21","2016-02-25 5:25"
"","Ivan858","2012 来新读Poly 2015毕业后 Spass ￥2200 工作7个月申请","进行中","2016-02-24","null","2016-02-24 3:08"
"","Fly","poly , whole family apply","进行中","2016-02-25","null","2016-02-24 1:29"
"","Good lucky","老公是新pr , 去年五月rom 帮老婆申请pr 但还没何消息。","进行中","2015-06-04","null","2016-02-23 9:22"
"","eM","单身，第一次申请，拿wp 2年，申请2个星期s pass，s pass通过在1月2015年，4月2015年申请pr.薪水$2.0K","通过","2015-04-02","2016-02-04","2016-02-23 7:00"
"","cjy","男带女一起申请 来新1年4个月 UK master, 两人薪资均3400","失败","2015-11-17","2016-02-19","2016-02-22 9:53"
"","sxlan107","发错了，我是申请公民的","进行中","2015-04-30","null","2016-02-22 9:02"
"","gao yueting","新生儿,2015 0831 在新加坡出生,1001号父亲递交pr申请,希望好运!","通过","2015-10-01","2016-02-19","2016-02-22 7:28"
"","goodsteed","全家申请, 男7000，国内211本科；女3500，来新工作2年半，求好运。---天天刷,在执行购房合同最后一天得到结果了.可以安心交税了.:insert into user(user_name,description,result,apply_date,completed_date,update_date) values(","失败","2015-07-22","2016-02-20","2016-02-22 1:06"
"","thinker","phd, s$4500","失败","2015-09-12","2016-02-20","2016-02-20 16:52"
"","lz","夫妻女带男申请，女方来新六年多，本地博士学位，现在博后职位，薪水4000+； 男方国内985本硕，13年来新，薪水5500+. Bless all~","通过","2015-09-28","2016-02-15","2016-02-15 12:37"
"","陈麦麦","我老公是马来西亚PR。PR六年。新加坡义安理工毕业。我们是2015年6月13号注册。7月15号递交PR申请。11月7号就出来结果。pass。本人是中国高中毕业文凭。希望你们也能好运！","通过","2015-07-15","2015-11-07","2016-02-13 10:32"
"","Faya","EP，之前在新2年离开，此次回新8个月后第一次申请提交资料，估时间太短。","失败","2015-10-23","2016-02-11","2016-02-11 11:38"
"","Bourbon","本地poly毕业，7个月WP，跳槽去小公司SP，等待消息，希望新年好运","进行中","2015-10-27","null","2016-02-04 8:48"
"","Wenwen","老公拿PR10个月 薪水2800 担保老婆 LTVP+ 薪水1500","进行中","2015-10-09","null","2016-01-27 8:20"
"","KateCheers","2008.1.1来新念书。几经波折，fail了半年，2008.8.29左右开始重新读预科，2009.8.20左右开始私立psb本科。先前申请过2次被拒，第一次9个月，第二次3个月，现在再来一次，过去三年刚好都有income tax了。EP，4600，工作3年8个月了.. 青春8年给了牲口坡。","进行中","2016-01-26","null","2016-01-27 7:10"
"","Steve1776","申请人男, SP holder, 薪资$3000, 2014年7月才来的新加坡然后就开始工作一直到现在, 美国读的本科, 老婆是高中时期在新加坡拿的PR, 工作半年后申请。 01-22 悲剧。","失败","2015-04-25","2016-01-22","2016-01-25 1:11"
"","snowdrift","全家申请 第三次 通过 来新5年 男公立full time master 女私立本科 独生子女 带一个两岁的儿子 家庭收入11000","通过","2015-09-25","2016-01-02","2016-01-22 9:26"
"","w.w.917","本地POLY毕业，拿了一年半WP，跳槽到一家小公司拿SP申请PR，工薪2300 还在等消息，希望好运快点降临","进行中","2015-10-02","null","2016-01-22 4:31"
"","Apoca","夫妻共同申请，来新5年半。男方NUS PhD毕业5个月申请，工资4000. 女方NTU Master毕业，工作4年。","失败","2015-07-22","2015-11-22","2016-01-21 9:09"
"","AC","EP Holder，來新兩年，台灣原公司外派新加坡。高師大IT Degree，月薪5K 。求好運!","进行中","2015-12-29","null","2016-01-21 3:26"
"","yuanbao","女，单身。中国国内博士毕业，IT 行业研究工作，月薪接近 5k。来新加坡一年后第一次申请被拒。现在第二次申请。","进行中","2015-07-09","null","2016-01-20 3:17"
"","lalalalala","夫妻申请，男EP女WP，国内985211本NTU Master， 两人来新6年。已经pending超过六个月了，不知有没有机会过。来这里拜一拜，好运来。","进行中","2015-06-22","null","2016-01-19 5:09"
"","August123","poly毕业，英国本科、研究生毕业，上班半年后申请","通过","2015-07-01","2016-01-18","2016-01-18 7:08"
"","bruce","sp 一年半，薪水2300，公司推荐信","进行中","2016-01-18","null","2016-01-18 18:06"
"","Ellan","EP 申请时在新已工作两年，新水〉2400。Diploma，老婆已是PR。","通过","2014-12-04","2015-11-16","2016-01-14 8:49"
"","alan1210","来新加坡10年，在这里政府中学初一开始读，考了O水准，新加坡理工学院SP毕业，现在拿EP，工作10个月，月薪4k左右","通过","2015-10-12","2016-01-14","2016-01-14 19:03"
"","Feynman","来新5年， NTU在读","进行中","2016-01-02","null","2016-01-10 14:01"
"","Jingandtheo","夫妻申請，女主申。女主來新10年，ntu本科，moe老師，月薪4000，工作三年。男国内本科，来新三年，私企工作三年，月薪3400。2015年递交申请至今pending。发来这里，求求好运","进行中","2015-06-04","null","2016-01-08 22:02"
"","bubble349","2009年1月来新，中国人，私立本科毕业，EP, 4000basic,金融行业，工作半年申请。","失败","2015-09-29","2016-01-08","2016-01-08 2:05"
"","HYZ","NTU本科，来新5年，15年6月毕业，10月底工作4个月的时候申请，salary 3.8k, 等待中，希望有好消息！","进行中","2015-10-30","null","2016-01-07 3:05"
"","ZHANG","来新五年半，POLY毕业。工资2K GROSS 2.3K","通过","2015-03-09","2016-01-04","2016-01-05 1:16"
"","KEITH TEE","男，24岁，马来西亚人，S pass半年后申请，到目前九个月后还是pending.薪水2000+.","进行中","2015-03-24","2015-12-29","2015-12-29 13:59"
"","ZZ","来新13年，一直读政府学校,Rp 毕业先工资2500，加提成3500到4000，工作6个月申请，没有任何介绍信，马上5个月了，希望可以过。. 12月的时候自己主动补交薪水单根公司介绍信","通过","2014-12-29","2015-12-17","2015-12-17 6:44"
"","PT","sp,来新5年，华文老师。","null","2015-12-17","null","2015-12-17 6:30"
"","Thomas","马来西亚男，25岁，第3次apply,薪水2.5k","通过","2015-06-22","null","2015-12-15 4:18"
"","cy","看了很多，也贡献个自己的例子。夫妻EP，SP。女方主申请，来新5年＋ 家庭收入basic 8k+. 各种组合第四次申请了.... 希望能沾点大家的好运。","通过","2015-06-23","2015-12-15","2015-12-15 13:34"
"","Seven_Eleven","夫妻俩第五次申请，老公是主申请人，国内本科学历，分别2010年8月及11月来新，11年在新结婚，没有小孩，工资5K，EP。 这次reject的特别快，两个月，不知道是不是因为申请次数太多了。申请时间和上次被reject间隔一年以上。","失败","2015-09-26","2015-12-01","2015-12-13 13:23"
"","JEFF","将近五个月批地。NTU本科，工作四个月后申请，补交过3个月的工资单和父母资料。","通过","2015-07-18","2015-12-10","2015-12-10 1:26"
"","i need luck","Dec 2013 start work in Singapore, Male, 27 years old, Malaysian, SGD2650","进行中","2015-06-11","null","2015-12-09 6:37"
"","jamiejiang","国内degree 毕业后来新工作两年半 basic 1800 spass single Chinese female 全部工资加起来约5k","进行中","2015-11-18","null","2015-12-09 3:15"
"","Lucky Girl","Student pass 2014年9月來新加坡读书，26岁，明年四月毕业幼师. 今年6月低ROM后老公帮忙申请PR，顺利通过！","通过","2015-07-03","2015-12-08","2015-12-08 3:33"
"","weewee","3.2k, 24 years old, Local Poly then Local Uni, Come for 6 years. Male, Single, Malaysian.","通过","2015-06-06","2015-12-07","2015-12-07 12:19"
"","amanda thanks god","来新两年申请，spass basic 2000，allwance加起来可以拿到4~5k per month。上海本科degree，希望上天眷顾我能通过!求好运 please.....","进行中","2015-11-27","null","2015-12-06 18:00"
"","wmd","$3600, NTU degree","通过","2014-12-12","2015-11-23","2015-12-02 4:55"
"","TT","NAFA diploma 毕业 SP 工作11个月。老板推荐信。工资2200","通过","2015-06-19","2015-11-18","2015-11-27 4:30"
"","小宇Star","22岁 美国本科毕业 S Pass 工作10个月 月薪三千 公司推荐信","进行中","2015-11-23","null","2015-11-27 4:21"
"","xx520","好运！","进行中","2015-10-06","null","2015-11-19 0:31"
"","damnit","英国名校本科 毕业后来新工作两年申请 EP gross 5.4k 单身 非独生子女","失败","2015-09-10","2015-11-17","2015-11-17 11:39"
"","Jeff","2年前个人第一次申请7个多月后失败了。 国内一般本科 来新5年多 月薪5000，这次带老婆儿子一起申请，他们都持DP签证 来新2个月，儿子1岁半","失败","2015-07-14","2015-11-16","2015-11-16 1:32"
"","IVAN","Husband: NUS PHD with 1-year work experience; Wife: NUS master with 3-ear work experience.","通过","2015-06-02","2015-11-12","2015-11-12 6:15"
"","samehere","NUS PhD 刚毕业。来新5年+ 刚刚查竟然批下来了，刚好5个月。 本来觉得最近PR申请都挺难的，看到批下来挺意外的，所以分享出来祝大家都好运：） 加油加油！","通过","2015-06-11","2015-11-12","2015-11-12 14:50"
"","yh","Couple: NTU PhD Research Fellow + Bachelor Accoutant","通过","2015-05-18","2015-11-09","2015-11-09 5:31"
"","owner","女主申请，国内名校本科硕士。金融业EP，月薪18K，2015年初来新工作，10个月申请。6个月工资单，无税单，公司证明。男国内本硕，DP，5000+。夫妻40岁左右，无孩，共同申请。","进行中","2015-11-02","null","2015-11-02 14:17"
"","Kaka","全家带1岁男娃一起申请，来新4年多","进行中","2015-10-13","null","2015-10-20 9:39"
"","jan","夫妻，女31，国内教育本科，政府学校教师，薪水4000。男34，国内艺术类专科，无本地工作。来新加坡3年。。。 。。。","失败","2015-05-17","null","2015-10-20 9:25"
"","tx19910214","2009年来新加坡读书，BCAA，Diploma毕业，现在是s pass holder, 工作两年，希望可以通过，工资$2600,感觉最近希望不是很大，申请不上打算明年回国了。 被拒了，哎，注定要回国了。现在真的太难了。","失败","2015-08-01","2015-10-16","2015-10-16 0:46"
"","Liverpool St.","09年来新，本地设计学院毕业，工作2.5年，EP,薪水4K","进行中","2015-05-14","null","2015-10-15 15:43"
"","米豆","女生北京Top 2文科类大学本科，NTU硕士毕业后留新工作，共五年，26岁。老公北京重点本科，澳洲名校硕士，2011年毕业后来新工作，金融类，28岁。5月底申请，两个月后收到补交父母材料通知，之后9月底通过。共历时四个多月。","通过","2015-05-18","2015-09-28","2015-10-12 4:59"
"","RB","中国高中毕业 ， 新加坡 工作10年 月薪5000 全家人3个人一起申请， 被拒绝2次， 现在再从新申请，","进行中","2015-09-26","2015-10-07","2015-10-07 2:30"
"","Epumpkin","08来新，本地私立degree, SP工作4年多，3.1k. 首申，单人，望过!","进行中","2015-10-01","2016-04-01","2015-10-06 7:51"
"","XIAONIUNIU","重复提交","进行中","2015-07-27","null","2015-10-01 3:35"
"","Xiaoniuniu","全家申请，无孩，女主申请，来新近四年，6K+，国内一般本科，之前两次悲剧（4K+,5K+）。老公来新一年半，国内重点本科，5.5K+. 耐心快要磨平了……","进行中","2015-07-27","null","2015-10-01 3:34"
"","bubble349","09年1月来新，私立本科毕业，工作半年，月薪4000,EP holder.. 感觉...求好运吧。。。希望能批。","进行中","2015-09-29","null","2015-09-29 2:45"
"","Waterchan","25岁， SP大专+NTU本科毕业，工作半年后申请，月薪gross 3200，五个半月时被召唤补父母工作信息，一共等待整七个月终于批准。感觉是受大选影响了，然后公司太小（10个人），整个进度比较慢。大家耐心等候，该来的总会来的。","通过","2015-02-28","2015-09-28","2015-09-28 9:31"
"","mrZero","男，单身，帅气。24岁，国内985本科，国大master。2014年七月上班，EP，工资3k。来新加坡两年，上学一年，工作一年，工作性质码农。申不上打算回国。仅供参考","进行中","2015-09-26","null","2015-09-26 4:33"
"","myl","本人NTU 博士 2013 年 5月离新赴法国工作不到2年 去年12回新 今年3月全家申请，老婆孩子在国内。","进行中","2015-03-16","null","2015-09-26 16:08"
"","catcat","申请时EP一年， 4.2K ，香港本科","失败","2015-06-04","2015-09-25","2015-09-25 1:58"
"","ryan","null","进行中","2014-09-01","null","2015-09-14 4:36"
"","ZhangY.","10年来新，NTU Master, 制造业 Engineer, monthly basic pay $4K+，独立申请。 昨天星期六查还是Pending, 今天下午刚刚查到Rejected了，Sigh...","失败","2015-06-17","2015-09-13","2015-09-13 7:09"
"","juq","七年来新,国内硕士,固定薪水5500新币, 申请第四次悲剧","失败","2015-07-20","2015-09-14","2015-09-13 17:42"
"","花儿","女， 28， 国内硕士， 来新四年， 工程师，月薪4000+， 已婚， 老公pr， 同是工程师，ntu phd， 此次依托老公申请","进行中","2015-08-31","null","2015-09-13 14:38"
"","坏小孩","马来西亚人 和老婆(中国人），孩子一起申请 来新８年 Wp６年 Spass1年 Epass１年$4200 ITE 学历 等待９个月终于批了，辛运，感谢主","通过","2014-12-02","2015-09-02","2015-09-11 17:24"
"","YZ","国内本科，NTU硕士，来新两年，单身男， engineer，工作半年申请，试试看！","失败","2015-07-28","null","2015-09-10 5:24"
"","yzzyzy","来新10年，政府中学-->Poly, 工作半年申请，老板推荐信，政府部门, SPass","通过","2014-11-24","2015-09-07","2015-09-07 1:08"
"","猫","女, 单身，来新国三年。 EP holder. IT 学历是澳洲 Bachelor Degree","通过","2014-01-06","2014-06-08","2015-09-05 19:40"
"","昭南","来新8年，12年SIM专业毕业，14年SIM本科毕业.工作1年，薪水3500+ 求好运。","失败","2015-04-17","2015-09-03","2015-09-03 2:25"
"","hy","男 来新六年 POLY毕业 今年三月工作 同时在国内结婚 妻子在国内 四个半月工资单 独自申请 公司为本地上市公司 基本工资2200 gross2500","进行中","2015-08-17","null","2015-09-02 2:54"
"","Wake","单身。30+岁。PhD（国外的）。EP，月薪15k。每年SRS交足。来新2年多一点的时候提交的申请。没有employer的sponsorship。 申请的时候说4-6个月出结果，实际用了5个月。","通过","2015-03-31","2015-08-29","2015-09-01 8:40"
"","MicB","本地私立的Degree 来新8年多 工做4年。去年11月份结婚 老公是本地人。今年三月担保申请PR. 7月中收到ICA的信函关于补充家庭成员信息。","通过","2015-03-02","2015-08-24","2015-08-24 7:53"
"","依然范特西","政府中学5年，ITE 2年，理工3年，工作8个月，Spass, $2200工资，政府公司","进行中","2015-08-18","null","2015-08-20 4:58"
"","xyz","老公pr两年多，来新近10年，28岁，老婆来新2年，26岁 老公mdis本科，老婆sim的diploma for graduates＋国内普通本科 老公basic 6000, gross 6600, 大公司，互联网行业，老婆basic 3000, gross 3500，小公司，石油行业 2013年11月新加坡注册结婚","通过","2015-04-14","2015-08-13","2015-08-20 1:38"
"","hahatong","ITE两年 - NYP三年 - 工作11个月，Spass薪水$2500","通过","2015-04-17","2015-08-05","2015-08-18 5:48"
"","rjt","SMU 2014 本科，月薪2900，小公司","进行中","2015-06-12","null","2015-08-18 12:57"
"","xiaop","来新五年，第一次申请时工资S$6000, NUS Master, 27岁，单身， 国内top 10 本科，工作三年， IT，2014年7月申请，15年3月李光耀去世当天收到拒信。然后换工作，工资涨到S$7500, 8月10号把appeal letter寄出去，等待","上诉中","2015-08-10","null","2015-08-17 6:36"
"","Oscar","男，单身，28岁，来新7年，国内普通本科毕业，建筑行业。提交多次被拒。最近一次被拒是2014年初，2014年7月提出申诉。","上诉中","2014-07-25","null","2015-08-17 6:35"
"","MYY","Poly. $2600. 申请的时候工作7个月，（公司不给签字）。7月中收到ICA信件要求补交父母资料。今天中午查已通过。","通过","2015-03-05","2015-08-17","2015-08-17 5:50"
"","Nozzle","NYP, 13 Year in SG since P1. Working 6 months apply. wish me luck!","进行中","2014-12-01","null","2015-08-12 12:48"
"","sgxiaoxin2012","2014年3月第一次申请差不多11个月悲剧，于是提出上诉，3月2号重新开始计时，我是08年底来新，建筑业，基本薪水7500，EP，国内985高校、老婆孩子都是DP，老婆薪水2000，孩子再托儿所","null","2015-03-02","null","2015-08-11 1:04"
"","PK","老婆来自中国，PR 8年，底薪1500 帮老公和女儿（来自马来西亚）申请PR 老公30岁，来新工作13年 wp holder 底薪1900 拥有ITE电子文凭，女儿3岁。","进行中","2015-08-06","null","2015-08-10 6:15"
"","mhdwk","老公PR7年， 担保老婆。 老公本地私立毕业，薪水4500. 老婆WP， 底薪2000+提成。 孩子1岁半。","进行中","2015-08-03","null","2015-08-04 7:41"
"","HH","夫妻-男主 男：31，来新加坡7年了，EP，建筑行业，底薪6000.00（还有些commission，加起来差不多7500.00），国内本科学历-非独生子女 女：28，来新加坡6年了，ep，金融业，薪水4300.00， 英国本科学历-独生子女","通过","2014-09-25","2015-08-03","2015-08-03 4:04"
"","DavidloveAnna","主申请人， 男， 29岁，北欧本科，硕士，来新3年+, EP, IT Engineer, 薪水4500, 带老婆和孩子一起， 老婆， 30岁， 北欧本科， 华语中心老师，薪水2000, DP，宝宝， 20个月。 第二次申请，去年2月第一次申请，一回国就被拒了。祝大家好运 :)","失败","2015-03-03","2015-06-15","2015-08-03 2:10"
"","STW","WP TWO YEARS S PASS FOUR YEARS (WORK IN SAME LOCAL COMPANY FOR SIX YEARS) SINGLE FEMALE MALAYSIAN WITH CHINA UNI BACHELOR DEGREE EVERY YEAR PAY INCOME TAX ON TIME. 得失心不要太重，是你的就是你的。","通过","2014-11-05","2015-03-26","2015-07-31 6:15"
"","LF","马来西亚人，持S-Pass 3年 (2012-2014)，澳洲大学Degree, 月入新2500， 2013和2014有缴税，第一次申请","通过","2014-06-14","2014-12-26","2015-07-31 11:01"
"","豬豬","null","进行中","2015-07-28","null","2015-07-29 1:38"
"","wishallgoodluck","主申请人basic 14000 sgd，副申请人3000 sgd，带一个婴儿，主申请人来新3年零7个月。都是中国护照。祝大家心想事成，家庭幸福美满！祝愿我们家申请PR成功！","进行中","2015-07-21","null","2015-07-28 4:19"
"","tiqcc1111","13年 poly 毕业 ，14年 澳洲八大本科 交了TG ，工作1个月提交申请，EP 3.3k ,无工资单 ，第一次申请 后来补交两次工资单一共交了5个月的工资单，期间换了工作SP,又换地址","通过","2015-01-10","2015-07-27","2015-07-27 0:53"
"","d d d","老公sc本人ep薪水$4000申请时来新3年不到 26岁 国内211大学毕业 15年5月19补交了材料 不知道结果如何 害怕 紧张","通过","2014-10-14","null","2015-07-24 13:55"
"","YX","NAFA Diploma毕业 工作半年申请 没有公司表格 自己申请,终于批了历经8个多月","通过","2014-10-16","2015-07-03","2015-07-21 12:09"
"","AQ","09年POLY毕业，回国4年。13年中回新，14年4月开始做admin，S PASS。工资2300+","通过","2015-03-25","2015-07-20","2015-07-21 1:27"
"","linsq109","两年 国内硕士 ３Ｋ多收入 偶的情况 只能看运气好点才有些希望 .","失败","2010-08-14","null","2015-07-20 6:00"
"","junjj","女，国内211本科，上海工作3年多，来新工作3年多，一直在同一家公司，出版行业s pass,薪水2250.老公公民。第一次来新一年多以自己名义申请一个月内被拒绝， 14年12月ROM注册结婚，15年3月老公担保申请，通过。大家努力好运！","通过","2015-03-23","2015-07-16","2015-07-16 3:35"
"","LetgoLetGod","2010來新, PhD(US), yearly Salary+bonus $170,000++, P1 pass. 研究工作","通过","2015-03-24","2015-06-17","2015-07-13 10:56"
"","johndoe","来新1年1个月 文凭：国内本科、硕士 行业：建筑 薪水：3300 给大家开心一下","进行中","2015-07-06","null","2015-07-10 3:39"
"","yt","EP,来新2两年，家庭收入14k+,家庭申请","进行中","2015-06-27","null","2015-07-07 3:18"
"","ccy","sp 2200,第一份工作两个月跳槽 第二份工作一个半月申请，老板推荐信，历时八个月差两天","通过","2014-11-04","2015-07-02","2015-07-02 5:43"
"","想做狐狸的猪","本科毕业，学士学位，目前SP，薪水2800， 老公citizen，女儿九个月，结婚三年多,2013年申请拒签，上诉失败，本次是第二次申请","进行中","2015-04-09","null","2015-07-02 5:21"
"","qiqi","夫妻皆为国内本科，2013年来新，全家申请，夫妻＋2个孩子。夫工资20，000/月。4月份收到补充双方父母和兄弟姐妹资料。","进行中","2015-02-03","null","2015-07-01 4:25"
"","kongnyoklung","null","null","2015-06-25","null","2015-06-26 12:04"
"","kongnyoklung","null","null","2015-06-25","null","2015-06-26 12:03"
"","AD","NUS 2年master 工作11个月申请 无推荐信","进行中","2015-06-23","null","2015-06-23 9:51"
"","Danbo-Kun","来星半年申请。","null","2015-06-19","null","2015-06-19 9:51"
"","ZHUOFAN","2008 come to sg. graduated from ngee ann poly on 2013. 7 month salary slip. thank you and good luck","进行中","2015-03-11","null","2015-06-19 10:13"
"","raymand","在新三年半，已婚，EP holder，Diploma，没推荐信，第一次申请。。。。。 薪水2000+250","通过","2014-12-30","2015-06-08","2015-06-18 1:15"
"","dz","本地本科，工作一年申请","null","2015-03-22","2015-06-14","2015-06-14 2:17"
"","nunber","PR","null","2015-02-12","null","2015-06-12 8:32"
"","s100","EP, 年薪 >250K, 2015年三月工作至今","通过","2015-04-15","2015-06-11","2015-06-11 11:57"
"","s100","EP, 年薪 >250K, 2015年三月工作至今","通过","2015-04-15","2015-06-11","2015-06-11 11:57"
"","小小七","POLY神器 少于三个月通过","通过","2015-03-05","2015-06-03","2015-06-10 2:44"
"","小小七","POLY神器 少于三个月通过","通过","2015-03-05","2015-06-03","2015-06-10 2:43"
"","tvxq1124","POLY毕业生 1- Singtel. 2- 专业与工作100%吻合. 3- 递交材料前涨薪水 4- 一个半月时候被要求补充材料,关于爸妈的工作信息等等 其他的就没什么不一样的了","null","2015-03-11","2015-06-06","2015-06-07 3:39"
"","Chang","老公马国公民，新加坡PR5年多，薪水6000+，新加坡工作7年，世界500强公司；老婆，第三国家大学文凭；新加坡工作6年；WP，底薪2000。。正好半年通过。最近好像放松了。大家加油。。。","通过","2015-01-05","2015-06-05","2015-06-06 4:42"
"","dreamsky0210","老公pr6年 poly毕业 电子工程师月收入3000 担保老婆dpr， 老婆国内大学本科，新加坡一年制私立硕士，工作3个月申请，补习中心华文教师月薪1800。结婚半年","通过","2015-02-26","2015-05-26","2015-06-02 11:15"
"","Mikkey","EP，来新6+，工作不到半年申请，没有公司信，私立本科，独生子女，单身。一月中申请新的EP，月底就被拒了，五月尾刚刚递交申诉信，新公司老板推荐信，税单，工资条，希望有好结果。","上诉中","2014-10-29","null","2015-05-31 12:47"
"","XM","08年底来新，私立O Level一年+Poly三年，工作一年半（1年WP+半年SP），SP第六个月时申请","通过","2015-02-17","2015-05-20","2015-05-26 12:50"
"","pillowbig","2013年7月申请，工资不固定，ep。 2014年8月老婆生孩子，10-10重新排队申请。 2015-5-21通过。 老公EP，公立大学毕业，工资3k，老婆SP，工资4k，","通过","2013-07-23","2015-05-21","2015-05-22 5:34"
"","meng","来新7年了，建筑spass 工资5000，老婆dp美容师diploma工资2500，来新加坡6年半，孩子8月出生","进行中","2015-04-09","null","2015-05-20 8:05"
"","men","船厂，production Planner，bacis$2950，来新七年半第三次申请，希望这次可以顺利通过","进行中","2015-05-18","null","2015-05-19 5:03"
"","jj","我是想来和楼上说，你就天天刷book的页面，看到有空隙就赶快预约，通常周末或者早上会有一些空位出来。 我sp,在新快3年，工资2250，老公citizen","进行中","2015-03-23","null","2015-05-18 8:56"
"","XD","夫妻，老公IT 工程师（EP），来新快六年，之前申请两次PR被拒，老婆(SP)indoor sales cum PA,来信三年半， 两人收入S$6K， 现想申请PR，但是book 不到appointment","null","2015-05-18","null","2015-05-18 5:51"
"","null","我s p主厨，工资4K，老婆家属准证，现已怀孕在中国，下月递交PR申请，希望通过","进行中","2015-06-02","null","2015-05-17 2:02"
"","HKHK","说好要和大家分享的。条件是夫妻双职工，大学本科毕业，两个孩子， 非独生，家庭总收入超一万，申请时主申请人来新四年半，第三次申请。通过。","通过","2014-11-04","2015-05-06","2015-05-15 5:27"
"","HKHK","说好要和大家分享的。条件是夫妻双职工，大学本科毕业，两个孩子， 非独生，家庭总收入超一万，申请时主申请人来新四年半，第三次申请。通过。","通过","2014-11-04","2015-05-06","2015-05-15 5:27"
"","hunter0730","2014年4月第二次申请，EP女+Student Pass（PR pending期间换成SP）男","通过","2014-04-01","2015-04-27","2015-05-14 12:34"
"","happyfish","夫妻申请，女主申，NTU Ph.D，14年毕业，工作6个月时申请，申请时月薪5000+，加薪后写邮件更新了信息。男国内小本，申请时在新加坡做老师。6个月等待时间不短也不算长！希望所有申请的人都能有好消息！","通过","2014-11-04","2015-05-11","2015-05-11 2:42"
"","圈1214","夫妻 男主申请 来新8年 poly sp3000 工作两年 女来新1年半 ep3900 第二次申请 等待中","进行中","2015-01-05","null","2015-05-08 15:26"
"","kkl","2010年来新，男工程师一枚，一直持EP, 工资$4700，算上各种加加每个月差不多是$6200。没有公司推荐信, 有一封政府部门的推荐信。。。","进行中","2015-03-11","null","2015-05-08 10:00"
"","rebecca0626","Sp pass,国内一本， 来新六年，做三年保险客服，两年劳务中介，现在投资公司工作 以前薪水2150，现在大概3000","进行中","2015-05-06","null","2015-05-07 6:38"
"","meow","老公sc 他刚辞职 目前自雇$3000+ 结婚一年不到 女25 国内本科 2010年来新 在新工作4年整 薪水2700+ 有四年税单 去年年底辞职 持ltvp 递交材料前 怀孕","进行中","2015-04-28","null","2015-05-05 3:05"
"","喜羊羊","女，23，本地公立本科毕业，来新5年，工作6个月申请，EP，小公司，basic不到4k","通过","2015-01-08","2015-04-19","2015-05-04 4:15"
"","cloudy_1234","老公citi,女方SP 月薪水2600，来新6年多，先私立学校毕业，后上班3年多，之前自己单独申请，一直悲剧，希望这次可以成功。","进行中","2015-02-24","null","2015-05-04 2:58"
"","bluenote","硕士，来新工作一年，经理，单独申请。","进行中","2015-03-25","2016-12-31","2015-05-03 9:38"
"","micky","制造业 来新一年 Spass","进行中","2015-04-27","2016-04-27","2015-05-03 17:35"
"","彼岸","S PASS ,毕业BCA 学院 ，基本工资3700 来新近五年。第一次申请失败，第二次二月刚被拒。","失败","2014-12-01","2015-02-14","2015-05-01 14:58"
"","good","单身 NTU MSC 11毕业，薪水4000左右，SP. 希望通过","失败","2014-12-27","2015-04-30","2015-04-30 11:32"
"","underwood","30 years old, degree from 985 211, msc from NTU, R&D Engineer in German company, S Pass, basic 3600, 3 years working exp in SG","失败","2015-01-10","2015-04-25","2015-04-27 0:40"
"","popopipi","2008年9月来新，2014年POLY毕业，历时3个月10天。SP，薪水2200，工作五个月申请。没有交税单，没有老板推荐信，没有补交任何材料。","通过","2014-12-10","2015-03-30","2015-04-24 9:40"
"","duangduang","男方公民，女方来新2年半，14年2月申请6月被拒，当时女方没工作，depend男方申请的。6月拿LTVP，找到工作，月薪1800，11月去重新申请，ICA Officer建议appeal, 于是写了信和推荐信，12月份上交，15年4月批。","通过","2014-02-28","2015-04-06","2015-04-23 1:11"
"","iris","以前被拒一次，NUS Master， 985本科毕业， 来新工作3年，EP月薪3000， 单身","失败","2014-12-13","2015-04-14","2015-04-21 6:19"
"","rrjj","2007年3月来新，2014年SMU毕业，历时2个月20天。EP，薪水3500，工作3个月申请。没有交税单，没有老板推荐信，没有补交任何材料。","通过","2014-12-27","2015-03-18","2015-04-20 3:42"
"","cc","来新一年半家庭申请，三个月通过。女方主申请人，27岁，薪水10k+，国内本科，part time在读公立master。男方29岁，薪水4k+，国内本科，full time 公立master刚毕业，公司都是500强。","通过","2015-01-17","2015-04-20","2015-04-20 1:39"
"","SMCH","丈夫EP 3年, 小妹 LOC 文職，家庭總月入6300。 2013年尾第一次申請拒絕 204年12月再申請，仍然失敗。","失败","2014-12-12","2015-04-17","2015-04-18 8:14"
"","wulin0841","POLY+工作S$2080.00+S PASS","通过","2014-10-25","2015-04-10","2015-04-14 9:28"
"","best_yi","2014 poly 毕业，工作三个月申请，工资2200，补交工资单了，补交出生证明。","进行中","2015-01-02","null","2015-04-14 2:07"
"","singtel-0085","本地poly毕业,工作7个月,月薪$2200, 在政府医院做工.","通过","2014-10-08","2015-04-10","2015-04-10 5:52"
"","law yan chee","虽然我是拿work permit薪水1300到1400左右，但是因为时间表经常调换的关系。我想要提升多点技能。。希望能拿到pr之后能找份稳定的工作继续深造。。","失败","2015-04-10","null","2015-04-10 2:07"
"","law yan chee","虽然我是拿work permit薪水1300到1400左右，但是因为时间表经常调换的关系。我想要提升多点技能。。希望能拿到pr之后能找份稳定的工作继续深造。。","失败","2015-04-10","null","2015-04-10 2:05"
"","snowdirft","13年12月26日第二次申请，14年9月28被拒，14年11月中appeal 家庭申请 男银行业咨询公司basic 6800 SMU Master 来新4年。女 loc 会计 2700 来新9年 私立大学本科毕业 儿子13年年底新加坡出生 等的好烦躁，今天登条件在这边，希望赶紧有结果","上诉中","2013-12-26","null","2015-04-08 2:08"
"","chsty","NUS Bachelor, EP, 工资5400， 交了四个月的工资单。目前着急换工作急等PR, 求保人品","进行中","2014-12-03","null","2015-03-30 2:48"
"","LOVELY MOLLY","女，来新四年，SP，金融，2200+，国内本科，已婚，29岁","通过","2014-11-25","2015-03-28","2015-03-30 0:40"
"","santorini cat","单身女，独生子女，SMU master, 来新两年半，在新工作一年，月薪3.3K，公司/教授推荐信，自荐信。不出意外地被拒了。。","失败","2014-10-02","2015-03-26","2015-03-26 9:57"
"","snail","EP, basic salary: 4000, 2012年来新，一年NUS Master，国内985本科，本科毕业后国企工作3年，今年31, 男, single, 非独生子女.","进行中","2014-11-29","null","2015-03-25 5:48"
"","pacok","工资S$6000, NUS Master, 27岁，单身， 国内top 10 本科，工作三年， IT，杯具，正在查询怎么申诉","失败","2014-07-17","2015-03-23","2015-03-23 9:12"
"","Skeeter","TP 女生 21岁 SP 独身子女 申请5个月批准","通过","2014-10-17","2015-03-13","2015-03-16 2:09"
"","BRIAN","夫妻一起申请，男主，男27：1年master+4年工作共5年。工资4K + ，女26：poly+私立本科，在新7年，工资4k，申请时both EP. 结婚3年，感觉夫妻一起申请成功几率会大。 祝大家好运！","通过","2014-10-21","2015-03-03","2015-03-16 12:23"
"","XYM","SM1，04-05中三中四-olevel，06-07JC-alevel，09-13年5月NTU毕业，14年3月开始工作，EP工资2200","通过","2014-11-25","2015-01-28","2015-03-14 17:02"
"","Boon","护士，24岁，单身，在新加坡工作一年7个月，底薪2400，月薪大概2900-3000","通过","2014-07-07","2015-01-23","2015-03-13 3:30"
"","Chenpg","来新三年半. Poly毕业, 日资物流公司, SP, 独生子, 单身,","通过","2014-10-14","2015-03-13","2015-03-13 2:12"
"","凯蒂","大马人，来新工作2年三个月，单身，薪金2.6k，英国大学文凭，上市公司，我等了好久了，都还是pending，希望近期内可以得到好消息。","进行中","2014-07-03","null","2015-03-12 7:07"
"","ppbb","家庭共同申请，男方主，国内211本科，来新工作四年。女方国内本科，全职照顾三岁儿子，来新一年半。申请五个月被拒，再appeal，期间补交了升职信和加薪后的工资单，半年后终于批准了，希望各位还在努力的朋友不要放弃。","通过","2014-04-17","2015-03-11","2015-03-12 14:50"
"","xiong","S pass 薪水2400 老公来新10年老婆来新5年 一家三口一起申请 2014年12月被拒 2015年一月中上诉","上诉中","2014-08-28","null","2015-03-11 7:39"
"","高华","null","进行中","2014/11/27","null","2015-03-10 12:05"
"","rilly","poly毕业, aus degree. S pass, Salary2200+， 工作6个月申请 8个月，终于等到","通过","2014-07-04","2015-03-06","2015-03-06 4:07"
"","chuck","国内Top 2 ，NUS master，工作三年，$6000＋ ，IT","失败","2014-08-01","2015-02-10","2015-03-05 6:31"
"","123","27，本科, 薪水2520. 来新7年，工作4年。 根公司申请，到5个月时ICA来信问要不要改去老公名下申请,再次根老公（PR）一起提交，还在等待中。","进行中","2014-04-17","null","2015-03-05 2:36"
"","Little Scorpio","女，P1，美资500强，来新11个月申请，带儿子和老公，","进行中","2015-2-6","null","2015-03-03 4:14"
"","Eden","国内本科，来新两年半，EP，薪水4500，公司推荐信","失败","2014-10-10","2015-01-30","2015-03-03 10:01"
"","SILVER","15年2月ROM结婚，老公SC,工资7000+，本人LTVP 10天批下来，本人目前无业无孩子。","进行中","2015-02-10","null","2015-02-24 9:17"
"","zimubishi","NUS 2012年毕业master，申请时来新3年半， 半导体行业机械工程师，basic 3700, 第二次申请，第一次四个月闪拒","进行中","2015-01-06","null","2015-02-17 3:09"
"","Abundance yueyue","在新4年大学毕业，工作后申请。","进行中","2015-02-16","null","2015-02-17 2:33"
"","浮萍一片","SM3 basic 2900 涨薪 3000更新 工作四个月申请，历时半年批准 制造业","通过","2013-12-24","2014-06-27","2015-02-15 17:45"
"","ccl","来新3年，工程师，EP，月薪3500，学士毕业。第一次于2013年三月申请，失败。第二次于2014年四月，等了九个月才收到通知","通过","2014-04-17","2015-02-03","2015-02-10 8:02"
"","THK","国内文科985本科、硕士，女，申请时未婚，来新刚好四年，月薪basic 2000多，总共3500+。4年间有一段时间不在新加坡，在申请时有注明原因，今天查看网上进程，竟然approved了。历时5个月多一点儿。希望大家都能如愿！","通过","2014-09-02","2015-02-10","2015-02-10 14:22"
"","Sherry","来新5年，NTU本科，MOE奖学金，工作三个月申请，EP, 工资3300","通过","2014-10-03","2015-01-30","2015-02-06 2:27"
"","xj","女，RP毕业,22，上班6个月时申请，昨天查通过","通过","2014-11-10","2015-01-31","2015-02-01 2:24"
"","Max","国内211本科工程类 ；24岁； 来新3年 ； Project Engineer, Oil/Gas ； Basic S$ 2,910 , Monthly S$3,500 ； 第二次申请， 第一次一年半之前 （Basic S$2，010 ）。 Gods Glory Bless Me !","失败","2014-06-13","2014-11-03","2015-01-29 5:21"
"","道兰","男, 来新五年半, NAFA 3+1 Degree, EP, S$3600.","通过","2014-08-29","2015-01-16","2015-01-25 8:34"
"","wny","IT engineer，国内211 master， 工作五年后来新加坡。两年半后夫妻申请。薪水8000+","通过","2014-05-29","2015-01-09","2015-01-18 15:30"
"","毛毛","manager , 8000 + ,single, 2 years when PR applied","通过","2014-04-01","2015-01-17","2015-01-17 6:37"
"","zoeychen","NAFA DIPLOMA, 工作一年半, 工资1900. 等了半年 终于批了。。。","通过","2014-07-11","null","2015-01-09 2:50"
"","zhidan","国内本，NTU 硕，工作4年，4.8K ，前3次申请均失败","通过","2014-06-16","2014-12-25","2014-12-30 2:40"
"","ng chern chian","null","null","null","null","2014-12-25 5:35"
"","漫长的等待","老公PR,帮女方申请pr，现在持ltvp,14年中结婚，老公nus毕业，来新将近10年，工作2年，工资3200。女方工作加读书来新5年。","null","2015-03-02","null","2014-12-19 12:18"
"","htmin","4 year in SG","通过","2013-10-01","2014-12-15","2014-12-17 9:47"
"","旅途漫漫","Ngee Ann poly, 工作1年+, basic$2200,S Pass, 单身","通过","2014-08-22","2014-12-11","2014-12-15 7:17"
"","奕芙","Poly毕业，Spass， 月薪2300，女生。","通过","2014-05-08","2014-12-08","2014-12-08 17:38"
"","Timer","Poly13年毕业, 申请半年批了, 周围的同学也都得了. 工资2500但basic才2000","通过","2014-05-07","2014-11-19","2014-11-19 14:56"
"","王茜","null","null","2014-05-15","null","2014-11-12 4:23"
"","DJ","国内本二，来新5年半，E pass， basic5000＋","失败","2014-05-14","2014-09-24","2014-11-09 13:54"
"","Guanzicn","国内大学本科，来新工作5Y+","null","2014-10-31","null","2014-10-30 14:59"
"","王燕","工作4年, 薪水1800。老公新加坡人。","null","20130903","2014-10-30","2014-10-30 10:06"
"","brightsky","NTU master 来新两年，工作一年多，薪水刚到3500，碰碰运气了","失败","2014-07-09","2014-10-27","2014-10-27 11:49"
"","7897688","政府中学+Poly,diploma,S Pass，工资2000+. 来新7年。工作8个月申请，审批了快9个月，通过，自己申请的。 和姐姐一起申请，她的没到6个月通过了，我最后是等了9个月，实在受不了了，发邮件问，过几天就下来了。。。要是不问的话不知道何年月。","通过","2014-01-19","2014-10-02","2014-10-25 13:46"
"","KK W","国内211本科毕业 31岁 公司持有人-股东之一 薪水6K (BASIC) 第二次申请 打算上诉","失败","2013-12-31","2014-10-20","2014-10-20 3:52"
"","Ricky","lg是新加坡PR，新加坡本地私立大专学历，月薪8000+.我跟孩子拿DP申请，6月10号收到补充材料的信。lg来新超过10年，我5年多。10月14号终于批了。","通过","2014-01-19","null","2014-10-14 5:12"
"","Anonymous","EP Q1 pass, $4000, IT行业。国内重点本科，NUS part-time硕士。来新3年。工作2年。配偶NTU在读博士。第二次申请被拒。 独生子女。听小道消息说，ICA不喜欢独生子女，因为容易把父母带过来。所以列了这个信息。建议大家也附上以供后人参考","失败","2014-05-14","2014-10-04","2014-10-14 2:11"
"","Dction","O水准后Poly毕业，工资2300，SP，来新加坡快6年","通过","2014-03-29","2014-10-02","2014-10-09 5:09"
"","北极熊","本地Poly毕业9个月交申请，工作8个月。月薪2000，销售工作。 历时7个月零3个礼拜","通过","2014-02-15","2014-10-07","2014-10-07 7:18"
"","xlxl","big 4 auditor, 来新9年, SM1, basic pay 2850, Employment pass,本地初中，本地jc，NTU本科","通过","2014-05-14","2014-10-07","2014-10-07 4:56"
"","Mei ling","Insurance industry with COMGI & HI Certificate, work in Singapore 3 plus year, salary $2200","上诉中","2014-09-28","2014-12-31","2014-09-28 11:42"
"","iRealChen","male, NUS degree, Semicon company. 3400 basic, start work from June 30, applied with 2 months pay slips","null","2014-09-22","null","2014-09-25 14:21"
"","yenny","来新2年多，老公今年1月拿到的PR。第一次申请失败，第二次申请，5个月通过","通过","2014-04-14","2014-09-17","2014-09-24 3:55"
"","Q","NAFA DIPLOMA, S PASS, 工作1年5个月，月薪： 2100－2300","通过","2014-05-31","2014-08-08","2014-09-16 12:57"
"","Atomicw","NUS PhD, 公司工作刚满6个月申请，未婚，来新6年+","通过","2014-02-21","2014-08-28","2014-09-14 15:56"
"","Oinky","女，工作5个月申请。来新6年。O LEVEL到POLY。S PASS。","通过","2014-01-10","2014-08-30","2014-09-13 1:54"
"","Oinnk","poly女，护士，工作5个月申请，1月提交8月最后一天批准。历时7个多月。","通过","2014-01-10","2014-08-30","2014-09-12 19:09"
"","Wind","来新五年，NUS的PhD, 现在NUS的research fellow，EP，工资4000，老婆来新四年，sp，工资3000+。","通过","2014-03-08","2014-09-08","2014-09-08 15:43"
"","Hong","理工毕业 银行工作 薪水2050 来新5年多","通过","2014-01-29","2014-09-01","2014-09-04 16:16"
"","Written in Python","NUS 2013年毕业, SM3 2008年底来新,一等荣誉学位,a*star工作, S$3650, 4个月通过","通过","2014-04-23","2014-08-28","2014-09-03 8:50"
"","henryxy","个人申请。本地PHD，在新加坡一个研究所工作，做scientist，在新加坡生活4年半。历时一年，通过。中间交了家庭材料。","通过","2013-08-26","2014-08-11","2014-09-01 8:24"
"","Simon","SM1，来新近12年。O level + A level + NUS本硕连读。工作一年，底薪$3500","通过","2014-06-23","2014-09-01","2014-09-01 13:02"
"","lsjtony","2011年7月来新，国大Master。2012年底毕业开始工作, 申请时工作一年, 行业：offshore engineering，薪水：$3300，前几天刚刚更新薪水到3700就批了。自己是主申请人，有提交老婆PR的资料。祝大家好运。","通过","2013-12-13","2014-08-20","2014-08-26 5:16"
"","QIAN","老公和孩子都是新人，12年12月21日来新。家庭主妇","null","2014-3-25","null","2014-08-25 3:26"
"","LYF","2005年获得过PR, 2008放弃回国。 2010年再来新加坡工作，2011年申请但没有通过。 今年（2014年）3月再次申请，8月刚通过。 这次申请通过的情况如下： 职位：Project Manager, 薪水：$3300, 学历：NAFA Diploma. 公司老板推荐信。","通过","2014-03-19","2014-08-06","2014-08-06 10:00"
"","Just ask","一家三口一起申请。申请时的情况：老公国内硕士，来新4年，收入3.5k+, EP，主申请人；老婆国内本科，来新3年，收入3K+, WP；儿子2012年11月康生出生，DP，一直在新。12年六七月曾申请一次，四个月被拒。这次pending 11个月+，通过。","通过","2013-08-05","2014-07-15","2014-08-06 0:07"
"","xfxwle","工资2800，中学来坡9年，ntu本科毕业","通过","2014-03-18","2014-07-29","2014-08-01 6:13"
"","David","EP， 来新2年， $4500，IT 高级工程师，已婚，一个女儿，被拒，是回国的，到家第一天上ica一查，就被拒了，不知道是不是跟离境有关系〜〜准备明年2月再以一家三口申请， 加油〜","失败","2014-02-12","2014-04-28","2014-07-29 8:15"
"","hello123","政府中学+Poly,diploma,S Pass，工资2000+. 来新7年。工作8个月申请，审批了6个月，通过，自己申请的。","通过","2014-01-14","2014-07-18","2014-07-26 8:00"
"","TJBIAN","私立中学- ITE-poly 工作一年,sp,薪水1600。来新13年,独生子女。第一次申请,没有公司信,自己申请","null","2014-06-12","null","2014-07-23 3:19"
"","lavender","已婚，个人申请，到申请开始时来新1年。EP工作准证。月薪10K以上，历时10个月被拒。中间从10月份开始，一直到申请被拒有大部分时间在中国，但是还是在新加坡公司工作，working from home。 不知道悲剧的原因是不是在国外太久？大家知不知道上诉的可能性有多大？","上诉中","2013-08-16","2014-05-08","2014-07-22 3:04"
"","Ti Ti","Diploma SPass(8 個月) 來新2年半 第一次申請 Salary : S$2500.00","通过","2014-04-24","2014-07-16","2014-07-18 2:11"
"","小西","夫妻一起申请。主申请人牛津Master 来新两年，月薪10000+ 副申请人中国Degree 来新一年半 月薪2400","通过","2013-09-09","2014-07-07","2014-07-08 8:21"
"","小西","夫妻一起申请。主申请人牛津Master 来新两年，月薪10000+ 副申请人中国Degree 来新一年半 月薪2400","通过","2013-09-09","2014-07-07","2014-07-08 8:20"
"","小西","夫妻一起申请。主申请人牛津Master 来新两年，月薪10000+ 副申请人中国Degree 来新一年半 月薪2400","通过","2013-09-09","2014-07-07","2014-07-08 8:20"
"","lbd","P2 pass,来新3年半,2011年技术类申请，拒绝DPR申请被拒。今年2月重新申请，通过。国内重点大学本科，年薪65000","通过","2014-02-22","2014-06-18","2014-07-02 2:14"
"","Hmily","英国本科＋硕士毕业，来新3年，Epass，月薪3300。先生SC，结婚半年，sponsor，月薪4300.","通过","2014-02-11","2014-06-27","2014-07-02 14:35"
"","QiQi","政府中學-ITE-NYP-SPass(8 個月) 來新10年 第一次申請","通过","2014-01-10","2014-06-30","2014-06-30 2:26"
"","wang0103","国内211+985本科，NTU Master，电子类， 工作三年，年薪65000。老婆是PR，但是我申请不是通过家属类，而是技术类。申请半年多时政府发邀请信，建议换成家属类，但是由于政府声明需要注册兵役，觉得不太好所以回信拒绝了，继续等技术类。最后还是批准了。","通过","2012-11-10","2014-03-10","2014-06-21 12:47"
"","freeair","nus phd毕业，现在nus RA。工作三个月的时候申请的，两个月的时候让补材料。七个月批了。","通过","2013-11-12","2014-06-20","2014-06-20 4:44"
"","Young","国内本科，申请时来新3年零8个月，part-time NUS 工科硕士，EP月薪3800，硕士毕业已满一年","失败","2013-05-22","2014-06-01","2014-06-19 4:28"
"","matthew","E pass,来新8年！工作2012年3月正式工作！薪水5000.新加坡本科学历！失败一次。单身。","失败","2013-12-06","null","2014-06-18 7:56"
